{
    "confidence_score": 0.7982994914054871,
    "ptm": 0.5988209247589111,
    "iptm": 0.4484620690345764,
    "ligand_iptm": 0.0,
    "protein_iptm": 0.4484620690345764,
    "complex_plddt": 0.8857588768005371,
    "complex_iplddt": 0.8634034395217896,
    "complex_pde": 0.7395422458648682,
    "complex_ipde": 8.476969718933105,
    "chains_ptm": {
        "0": 0.9078975915908813,
        "1": 0.9050842523574829,
        "2": 0.8862747550010681,
        "3": 0.8581565618515015
    },
    "pair_chains_iptm": {
        "0": {
            "0": 0.9078975915908813,
            "1": 0.6077756285667419,
            "2": 0.2740713059902191,
            "3": 0.26780039072036743
        },
        "1": {
            "0": 0.6018847823143005,
            "1": 0.9050842523574829,
            "2": 0.2152259647846222,
            "3": 0.21017692983150482
        },
        "2": {
            "0": 0.235211580991745,
            "1": 0.21323537826538086,
            "2": 0.8862747550010681,
            "3": 0.8258649110794067
        },
        "3": {
            "0": 0.2350582778453827,
            "1": 0.21357251703739166,
            "2": 0.7994802594184875,
            "3": 0.8581565618515015
        }
    }
}