{
    "confidence_score": 0.7897456884384155,
    "ptm": 0.6006690859794617,
    "iptm": 0.36617517471313477,
    "ligand_iptm": 0.0,
    "protein_iptm": 0.36617517471313477,
    "complex_plddt": 0.8956382870674133,
    "complex_iplddt": 0.8819034695625305,
    "complex_pde": 0.663472056388855,
    "complex_ipde": 7.247797012329102,
    "chains_ptm": {
        "0": 0.9039648771286011,
        "1": 0.8954030871391296,
        "2": 0.8712819218635559
    },
    "pair_chains_iptm": {
        "0": {
            "0": 0.9039648771286011,
            "1": 0.21099014580249786,
            "2": 0.20764897763729095
        },
        "1": {
            "0": 0.1798124760389328,
            "1": 0.8954030871391296,
            "2": 0.8500491380691528
        },
        "2": {
            "0": 0.18226619064807892,
            "1": 0.8098551034927368,
            "2": 0.8712819218635559
        }
    }
}