{
    "confidence_score": 0.779154896736145,
    "ptm": 0.6360353827476501,
    "iptm": 0.40599092841148376,
    "ligand_iptm": 0.0,
    "protein_iptm": 0.40599092841148376,
    "complex_plddt": 0.8724458813667297,
    "complex_iplddt": 0.7719905972480774,
    "complex_pde": 0.6864480972290039,
    "complex_ipde": 12.211942672729492,
    "chains_ptm": {
        "0": 0.9030173420906067,
        "1": 0.9019392132759094
    },
    "pair_chains_iptm": {
        "0": {
            "0": 0.9030173420906067,
            "1": 0.39633697271347046
        },
        "1": {
            "0": 0.40599092841148376,
            "1": 0.9019392132759094
        }
    }
}