{
    "confidence_score": 0.6361914277076721,
    "ptm": 0.6736356616020203,
    "iptm": 0.9642457365989685,
    "ligand_iptm": 0.9642457365989685,
    "protein_iptm": 0.0,
    "complex_plddt": 0.5541778206825256,
    "complex_iplddt": 0.6714374423027039,
    "complex_pde": 2.441579818725586,
    "complex_ipde": 1.1117976903915405,
    "chains_ptm": {
        "0": 0.6545571684837341,
        "1": 0.8882971405982971
    },
    "pair_chains_iptm": {
        "0": {
            "0": 0.6545571684837341,
            "1": 0.4765416383743286
        },
        "1": {
            "0": 0.9642457365989685,
            "1": 0.8882971405982971
        }
    }
}