{
    "confidence_score": 0.8914440274238586,
    "ptm": 0.8674830794334412,
    "iptm": 0.0,
    "ligand_iptm": 0.0,
    "protein_iptm": 0.0,
    "complex_plddt": 0.8974342346191406,
    "complex_iplddt": 0.8974342346191406,
    "complex_pde": 0.4552422761917114,
    "complex_ipde": 0.0,
    "chains_ptm": {
        "0": 0.8674830794334412
    },
    "pair_chains_iptm": {
        "0": {
            "0": 0.8674830794334412
        }
    }
}