{
    "confidence_score": 0.6441993713378906,
    "ptm": 0.6645427942276001,
    "iptm": 0.9618287086486816,
    "ligand_iptm": 0.9618287086486816,
    "protein_iptm": 0.0,
    "complex_plddt": 0.5647920370101929,
    "complex_iplddt": 0.6844342947006226,
    "complex_pde": 2.4960708618164062,
    "complex_ipde": 1.1274670362472534,
    "chains_ptm": {
        "0": 0.6443492770195007,
        "1": 0.8914980292320251
    },
    "pair_chains_iptm": {
        "0": {
            "0": 0.6443492770195007,
            "1": 0.48126766085624695
        },
        "1": {
            "0": 0.9618287086486816,
            "1": 0.8914980292320251
        }
    }
}