{
    "confidence_score": 0.8239009976387024,
    "ptm": 0.8552548885345459,
    "iptm": 0.663245439529419,
    "ligand_iptm": 0.663245439529419,
    "protein_iptm": 0.0,
    "complex_plddt": 0.8640648126602173,
    "complex_iplddt": 0.5610343813896179,
    "complex_pde": 0.8110834360122681,
    "complex_ipde": 6.169826507568359,
    "chains_ptm": {
        "0": 0.8716073632240295,
        "1": 0.8034499883651733
    },
    "pair_chains_iptm": {
        "0": {
            "0": 0.8716073632240295,
            "1": 0.23837271332740784
        },
        "1": {
            "0": 0.663245439529419,
            "1": 0.8034499883651733
        }
    }
}