{
    "confidence_score": 0.5315249562263489,
    "ptm": 0.5632706880569458,
    "iptm": 0.0,
    "ligand_iptm": 0.0,
    "protein_iptm": 0.0,
    "complex_plddt": 0.5235884785652161,
    "complex_iplddt": 0.5235884785652161,
    "complex_pde": 3.540242910385132,
    "complex_ipde": 0.0,
    "chains_ptm": {
        "0": 0.5632706880569458
    },
    "pair_chains_iptm": {
        "0": {
            "0": 0.5632706880569458
        }
    }
}