{
    "confidence_score": 0.6409452557563782,
    "ptm": 0.6222972273826599,
    "iptm": 0.9551579356193542,
    "ligand_iptm": 0.9551579356193542,
    "protein_iptm": 0.0,
    "complex_plddt": 0.5623920559883118,
    "complex_iplddt": 0.6775639057159424,
    "complex_pde": 2.746554136276245,
    "complex_ipde": 1.583021640777588,
    "chains_ptm": {
        "0": 0.600801408290863,
        "1": 0.8727315068244934
    },
    "pair_chains_iptm": {
        "0": {
            "0": 0.600801408290863,
            "1": 0.4378548860549927
        },
        "1": {
            "0": 0.9551579356193542,
            "1": 0.8727315068244934
        }
    }
}