{
    "confidence_score": 0.524810254573822,
    "ptm": 0.5567495822906494,
    "iptm": 0.0,
    "ligand_iptm": 0.0,
    "protein_iptm": 0.0,
    "complex_plddt": 0.5168254375457764,
    "complex_iplddt": 0.5168254375457764,
    "complex_pde": 3.5142858028411865,
    "complex_ipde": 0.0,
    "chains_ptm": {
        "0": 0.5567495822906494
    },
    "pair_chains_iptm": {
        "0": {
            "0": 0.5567495822906494
        }
    }
}