{
    "confidence_score": 0.6409555673599243,
    "ptm": 0.6379698514938354,
    "iptm": 0.9519025087356567,
    "ligand_iptm": 0.9519025087356567,
    "protein_iptm": 0.0,
    "complex_plddt": 0.5632188320159912,
    "complex_iplddt": 0.6861485242843628,
    "complex_pde": 2.642648696899414,
    "complex_ipde": 1.5477818250656128,
    "chains_ptm": {
        "0": 0.6175147294998169,
        "1": 0.8689492344856262
    },
    "pair_chains_iptm": {
        "0": {
            "0": 0.6175147294998169,
            "1": 0.427295058965683
        },
        "1": {
            "0": 0.9519025087356567,
            "1": 0.8689492344856262
        }
    }
}