{
    "confidence_score": 0.8987240195274353,
    "ptm": 0.8770051598548889,
    "iptm": 0.0,
    "ligand_iptm": 0.0,
    "protein_iptm": 0.0,
    "complex_plddt": 0.9041537046432495,
    "complex_iplddt": 0.9041537046432495,
    "complex_pde": 0.44852057099342346,
    "complex_ipde": 0.0,
    "chains_ptm": {
        "0": 0.8770051598548889
    },
    "pair_chains_iptm": {
        "0": {
            "0": 0.8770051598548889
        }
    }
}