{
    "confidence_score": 0.6461948156356812,
    "ptm": 0.725265622138977,
    "iptm": 0.9713659286499023,
    "ligand_iptm": 0.9713659286499023,
    "protein_iptm": 0.0,
    "complex_plddt": 0.5649020075798035,
    "complex_iplddt": 0.667238175868988,
    "complex_pde": 2.1148853302001953,
    "complex_ipde": 0.9808560013771057,
    "chains_ptm": {
        "0": 0.7090886831283569,
        "1": 0.915736973285675
    },
    "pair_chains_iptm": {
        "0": {
            "0": 0.7090886831283569,
            "1": 0.5343362092971802
        },
        "1": {
            "0": 0.9713659286499023,
            "1": 0.915736973285675
        }
    }
}