{
    "confidence_score": 0.8499242663383484,
    "ptm": 0.7737423777580261,
    "iptm": 0.7401390075683594,
    "ligand_iptm": 0.0,
    "protein_iptm": 0.7401390075683594,
    "complex_plddt": 0.8773705959320068,
    "complex_iplddt": 0.8197054266929626,
    "complex_pde": 0.5582533478736877,
    "complex_ipde": 6.662187099456787,
    "chains_ptm": {
        "0": 0.906126856803894,
        "1": 0.9053668975830078
    },
    "pair_chains_iptm": {
        "0": {
            "0": 0.906126856803894,
            "1": 0.7336196303367615
        },
        "1": {
            "0": 0.7401390075683594,
            "1": 0.9053668975830078
        }
    }
}