{
    "confidence_score": 0.5448679327964783,
    "ptm": 0.5970587134361267,
    "iptm": 0.0,
    "ligand_iptm": 0.0,
    "protein_iptm": 0.0,
    "complex_plddt": 0.5318202376365662,
    "complex_iplddt": 0.5318202376365662,
    "complex_pde": 3.1965389251708984,
    "complex_ipde": 0.0,
    "chains_ptm": {
        "0": 0.5970587134361267
    },
    "pair_chains_iptm": {
        "0": {
            "0": 0.5970587134361267
        }
    }
}