{
    "confidence_score": 0.8092588782310486,
    "ptm": 0.6475573778152466,
    "iptm": 0.5456555485725403,
    "ligand_iptm": 0.0,
    "protein_iptm": 0.5456555485725403,
    "complex_plddt": 0.8751596808433533,
    "complex_iplddt": 0.8277797698974609,
    "complex_pde": 0.6281013488769531,
    "complex_ipde": 6.116914749145508,
    "chains_ptm": {
        "0": 0.9267063140869141,
        "1": 0.9164812564849854,
        "2": 0.8993010520935059,
        "3": 0.8799216747283936
    },
    "pair_chains_iptm": {
        "0": {
            "0": 0.9267063140869141,
            "1": 0.7645184993743896,
            "2": 0.3361380398273468,
            "3": 0.3233061730861664
        },
        "1": {
            "0": 0.7633128762245178,
            "1": 0.9164812564849854,
            "2": 0.23883533477783203,
            "3": 0.2260650396347046
        },
        "2": {
            "0": 0.3395221531391144,
            "1": 0.24126379191875458,
            "2": 0.8993010520935059,
            "3": 0.8416607975959778
        },
        "3": {
            "0": 0.3299509584903717,
            "1": 0.2299242913722992,
            "2": 0.8157559037208557,
            "3": 0.8799216747283936
        }
    }
}