{
    "confidence_score": 0.5279712080955505,
    "ptm": 0.5589222311973572,
    "iptm": 0.0,
    "ligand_iptm": 0.0,
    "protein_iptm": 0.0,
    "complex_plddt": 0.5202333927154541,
    "complex_iplddt": 0.5202333927154541,
    "complex_pde": 3.580151319503784,
    "complex_ipde": 0.0,
    "chains_ptm": {
        "0": 0.5589222311973572
    },
    "pair_chains_iptm": {
        "0": {
            "0": 0.5589222311973572
        }
    }
}