{
    "confidence_score": 0.5262165069580078,
    "ptm": 0.5641273856163025,
    "iptm": 0.0,
    "ligand_iptm": 0.0,
    "protein_iptm": 0.0,
    "complex_plddt": 0.516738772392273,
    "complex_iplddt": 0.516738772392273,
    "complex_pde": 3.4562392234802246,
    "complex_ipde": 0.0,
    "chains_ptm": {
        "0": 0.5641273856163025
    },
    "pair_chains_iptm": {
        "0": {
            "0": 0.5641273856163025
        }
    }
}