{
    "confidence_score": 0.5293647646903992,
    "ptm": 0.5625722408294678,
    "iptm": 0.0,
    "ligand_iptm": 0.0,
    "protein_iptm": 0.0,
    "complex_plddt": 0.5210629105567932,
    "complex_iplddt": 0.5210629105567932,
    "complex_pde": 3.5019173622131348,
    "complex_ipde": 0.0,
    "chains_ptm": {
        "0": 0.5625722408294678
    },
    "pair_chains_iptm": {
        "0": {
            "0": 0.5625722408294678
        }
    }
}