{
    "confidence_score": 0.8028448224067688,
    "ptm": 0.6134131550788879,
    "iptm": 0.4942608177661896,
    "ligand_iptm": 0.0,
    "protein_iptm": 0.4942608177661896,
    "complex_plddt": 0.879990816116333,
    "complex_iplddt": 0.8465628027915955,
    "complex_pde": 0.7275950908660889,
    "complex_ipde": 8.300765037536621,
    "chains_ptm": {
        "0": 0.905941903591156,
        "1": 0.9022378325462341,
        "2": 0.8920629620552063,
        "3": 0.8658329844474792
    },
    "pair_chains_iptm": {
        "0": {
            "0": 0.905941903591156,
            "1": 0.6883603930473328,
            "2": 0.26587554812431335,
            "3": 0.26031816005706787
        },
        "1": {
            "0": 0.6897888779640198,
            "1": 0.9022378325462341,
            "2": 0.22075970470905304,
            "3": 0.21584759652614594
        },
        "2": {
            "0": 0.2358112335205078,
            "1": 0.2200147807598114,
            "2": 0.8920629620552063,
            "3": 0.8327338695526123
        },
        "3": {
            "0": 0.24179676175117493,
            "1": 0.21824854612350464,
            "2": 0.8049828410148621,
            "3": 0.8658329844474792
        }
    }
}