{
    "confidence_score": 0.8294854164123535,
    "ptm": 0.8762804865837097,
    "iptm": 0.7408120632171631,
    "ligand_iptm": 0.7408120632171631,
    "protein_iptm": 0.0,
    "complex_plddt": 0.8516537547111511,
    "complex_iplddt": 0.49204152822494507,
    "complex_pde": 0.6708269119262695,
    "complex_ipde": 4.3831000328063965,
    "chains_ptm": {
        "0": 0.8863556385040283,
        "1": 0.8324439525604248
    },
    "pair_chains_iptm": {
        "0": {
            "0": 0.8863556385040283,
            "1": 0.2883700430393219
        },
        "1": {
            "0": 0.7408120632171631,
            "1": 0.8324439525604248
        }
    }
}