{
    "confidence_score": 0.7886070609092712,
    "ptm": 0.6068649888038635,
    "iptm": 0.4447218179702759,
    "ligand_iptm": 0.0,
    "protein_iptm": 0.4447218179702759,
    "complex_plddt": 0.8745783567428589,
    "complex_iplddt": 0.863766610622406,
    "complex_pde": 0.6974303722381592,
    "complex_ipde": 8.292611122131348,
    "chains_ptm": {
        "0": 0.9231100678443909,
        "1": 0.9169971346855164,
        "2": 0.9051124453544617,
        "3": 0.8829455375671387
    },
    "pair_chains_iptm": {
        "0": {
            "0": 0.9231100678443909,
            "1": 0.5690348148345947,
            "2": 0.23277483880519867,
            "3": 0.22892813384532928
        },
        "1": {
            "0": 0.5780767798423767,
            "1": 0.9169971346855164,
            "2": 0.32397690415382385,
            "3": 0.306524395942688
        },
        "2": {
            "0": 0.25184038281440735,
            "1": 0.3246845006942749,
            "2": 0.9051124453544617,
            "3": 0.8381173014640808
        },
        "3": {
            "0": 0.24534550309181213,
            "1": 0.317347913980484,
            "2": 0.8199158310890198,
            "3": 0.8829455375671387
        }
    }
}