{
    "confidence_score": 0.8295139670372009,
    "ptm": 0.6994534134864807,
    "iptm": 0.599989652633667,
    "ligand_iptm": 0.0,
    "protein_iptm": 0.599989652633667,
    "complex_plddt": 0.886894941329956,
    "complex_iplddt": 0.854641318321228,
    "complex_pde": 0.6279387474060059,
    "complex_ipde": 5.971035480499268,
    "chains_ptm": {
        "0": 0.9076342582702637,
        "1": 0.9046003818511963,
        "2": 0.897911012172699,
        "3": 0.877774715423584
    },
    "pair_chains_iptm": {
        "0": {
            "0": 0.9076342582702637,
            "1": 0.750605583190918,
            "2": 0.5256515741348267,
            "3": 0.5092318058013916
        },
        "1": {
            "0": 0.7500840425491333,
            "1": 0.9046003818511963,
            "2": 0.3689827620983124,
            "3": 0.3640483617782593
        },
        "2": {
            "0": 0.48297634720802307,
            "1": 0.3795361816883087,
            "2": 0.897911012172699,
            "3": 0.8448929786682129
        },
        "3": {
            "0": 0.48275619745254517,
            "1": 0.3844241201877594,
            "2": 0.8306047916412354,
            "3": 0.877774715423584
        }
    }
}