{
    "confidence_score": 0.8489740490913391,
    "ptm": 0.7627786993980408,
    "iptm": 0.6927536725997925,
    "ligand_iptm": 0.0,
    "protein_iptm": 0.6927536725997925,
    "complex_plddt": 0.888029158115387,
    "complex_iplddt": 0.8007831573486328,
    "complex_pde": 0.5511687994003296,
    "complex_ipde": 6.182440757751465,
    "chains_ptm": {
        "0": 0.913274884223938,
        "1": 0.9135850071907043
    },
    "pair_chains_iptm": {
        "0": {
            "0": 0.913274884223938,
            "1": 0.684370219707489
        },
        "1": {
            "0": 0.6927536725997925,
            "1": 0.9135850071907043
        }
    }
}