{
    "confidence_score": 0.5232917070388794,
    "ptm": 0.5607144236564636,
    "iptm": 0.0,
    "ligand_iptm": 0.0,
    "protein_iptm": 0.0,
    "complex_plddt": 0.5139359831809998,
    "complex_iplddt": 0.5139359831809998,
    "complex_pde": 3.5831100940704346,
    "complex_ipde": 0.0,
    "chains_ptm": {
        "0": 0.5607144236564636
    },
    "pair_chains_iptm": {
        "0": {
            "0": 0.5607144236564636
        }
    }
}