{
    "confidence_score": 0.8961541056632996,
    "ptm": 0.8690207004547119,
    "iptm": 0.0,
    "ligand_iptm": 0.0,
    "protein_iptm": 0.0,
    "complex_plddt": 0.9029374718666077,
    "complex_iplddt": 0.9029374718666077,
    "complex_pde": 0.45718637108802795,
    "complex_ipde": 0.0,
    "chains_ptm": {
        "0": 0.8690207004547119
    },
    "pair_chains_iptm": {
        "0": {
            "0": 0.8690207004547119
        }
    }
}