{
    "confidence_score": 0.896557629108429,
    "ptm": 0.8724279403686523,
    "iptm": 0.0,
    "ligand_iptm": 0.0,
    "protein_iptm": 0.0,
    "complex_plddt": 0.9025900363922119,
    "complex_iplddt": 0.9025900363922119,
    "complex_pde": 0.43264269828796387,
    "complex_ipde": 0.0,
    "chains_ptm": {
        "0": 0.8724279403686523
    },
    "pair_chains_iptm": {
        "0": {
            "0": 0.8724279403686523
        }
    }
}