{
    "confidence_score": 0.8925849795341492,
    "ptm": 0.8708341121673584,
    "iptm": 0.0,
    "ligand_iptm": 0.0,
    "protein_iptm": 0.0,
    "complex_plddt": 0.8980227112770081,
    "complex_iplddt": 0.8980227112770081,
    "complex_pde": 0.45415160059928894,
    "complex_ipde": 0.0,
    "chains_ptm": {
        "0": 0.8708341121673584
    },
    "pair_chains_iptm": {
        "0": {
            "0": 0.8708341121673584
        }
    }
}