{
    "confidence_score": 0.6417837142944336,
    "ptm": 0.6482470035552979,
    "iptm": 0.9590212106704712,
    "ligand_iptm": 0.9590212106704712,
    "protein_iptm": 0.0,
    "complex_plddt": 0.5624743700027466,
    "complex_iplddt": 0.6857765316963196,
    "complex_pde": 2.583559036254883,
    "complex_ipde": 1.4573761224746704,
    "chains_ptm": {
        "0": 0.627667248249054,
        "1": 0.8905659317970276
    },
    "pair_chains_iptm": {
        "0": {
            "0": 0.627667248249054,
            "1": 0.45557448267936707
        },
        "1": {
            "0": 0.9590212106704712,
            "1": 0.8905659317970276
        }
    }
}