{
    "confidence_score": 0.9018940925598145,
    "ptm": 0.8796604871749878,
    "iptm": 0.0,
    "ligand_iptm": 0.0,
    "protein_iptm": 0.0,
    "complex_plddt": 0.9074525237083435,
    "complex_iplddt": 0.9074525237083435,
    "complex_pde": 0.45880016684532166,
    "complex_ipde": 0.0,
    "chains_ptm": {
        "0": 0.8796604871749878
    },
    "pair_chains_iptm": {
        "0": {
            "0": 0.8796604871749878
        }
    }
}