{
    "confidence_score": 0.8406423926353455,
    "ptm": 0.8698925375938416,
    "iptm": 0.7442631721496582,
    "ligand_iptm": 0.7442631721496582,
    "protein_iptm": 0.0,
    "complex_plddt": 0.8647370934486389,
    "complex_iplddt": 0.5820720791816711,
    "complex_pde": 0.7274162173271179,
    "complex_ipde": 5.4229302406311035,
    "chains_ptm": {
        "0": 0.8810673356056213,
        "1": 0.8203601241111755
    },
    "pair_chains_iptm": {
        "0": {
            "0": 0.8810673356056213,
            "1": 0.25793176889419556
        },
        "1": {
            "0": 0.7442631721496582,
            "1": 0.8203601241111755
        }
    }
}