{
    "confidence_score": 0.8200485110282898,
    "ptm": 0.6472489833831787,
    "iptm": 0.5554154515266418,
    "ligand_iptm": 0.0,
    "protein_iptm": 0.5554154515266418,
    "complex_plddt": 0.8862068057060242,
    "complex_iplddt": 0.854392945766449,
    "complex_pde": 0.6840792894363403,
    "complex_ipde": 7.344581604003906,
    "chains_ptm": {
        "0": 0.9058106541633606,
        "1": 0.9039486646652222,
        "2": 0.8881111741065979,
        "3": 0.8644125461578369
    },
    "pair_chains_iptm": {
        "0": {
            "0": 0.9058106541633606,
            "1": 0.7560872435569763,
            "2": 0.35257208347320557,
            "3": 0.3426053524017334
        },
        "1": {
            "0": 0.7480367422103882,
            "1": 0.9039486646652222,
            "2": 0.25954753160476685,
            "3": 0.24997663497924805
        },
        "2": {
            "0": 0.2972587049007416,
            "1": 0.2638542056083679,
            "2": 0.8881111741065979,
            "3": 0.8298983573913574
        },
        "3": {
            "0": 0.298061728477478,
            "1": 0.26609188318252563,
            "2": 0.8054122924804688,
            "3": 0.8644125461578369
        }
    }
}