{
    "confidence_score": 0.8919568061828613,
    "ptm": 0.8679578304290771,
    "iptm": 0.0,
    "ligand_iptm": 0.0,
    "protein_iptm": 0.0,
    "complex_plddt": 0.8979565501213074,
    "complex_iplddt": 0.8979565501213074,
    "complex_pde": 0.4510779082775116,
    "complex_ipde": 0.0,
    "chains_ptm": {
        "0": 0.8679578304290771
    },
    "pair_chains_iptm": {
        "0": {
            "0": 0.8679578304290771
        }
    }
}