{
    "confidence_score": 0.7956619262695312,
    "ptm": 0.6117180585861206,
    "iptm": 0.3995097875595093,
    "ligand_iptm": 0.0,
    "protein_iptm": 0.3995097875595093,
    "complex_plddt": 0.8946999907493591,
    "complex_iplddt": 0.8829824924468994,
    "complex_pde": 0.6509616374969482,
    "complex_ipde": 6.899724960327148,
    "chains_ptm": {
        "0": 0.9056093692779541,
        "1": 0.9003326892852783,
        "2": 0.873900830745697
    },
    "pair_chains_iptm": {
        "0": {
            "0": 0.9056093692779541,
            "1": 0.2553386390209198,
            "2": 0.24488620460033417
        },
        "1": {
            "0": 0.22320188581943512,
            "1": 0.9003326892852783,
            "2": 0.8570740222930908
        },
        "2": {
            "0": 0.22525395452976227,
            "1": 0.8197617530822754,
            "2": 0.873900830745697
        }
    }
}