{
    "confidence_score": 0.8383898138999939,
    "ptm": 0.8611869812011719,
    "iptm": 0.6933135390281677,
    "ligand_iptm": 0.6933135390281677,
    "protein_iptm": 0.0,
    "complex_plddt": 0.8746588826179504,
    "complex_iplddt": 0.6250792145729065,
    "complex_pde": 0.7989790439605713,
    "complex_ipde": 6.045434474945068,
    "chains_ptm": {
        "0": 0.874844491481781,
        "1": 0.8042064309120178
    },
    "pair_chains_iptm": {
        "0": {
            "0": 0.874844491481781,
            "1": 0.25001806020736694
        },
        "1": {
            "0": 0.6933135390281677,
            "1": 0.8042064309120178
        }
    }
}