{
    "confidence_score": 0.5206573605537415,
    "ptm": 0.5623550415039062,
    "iptm": 0.0,
    "ligand_iptm": 0.0,
    "protein_iptm": 0.0,
    "complex_plddt": 0.5102329254150391,
    "complex_iplddt": 0.5102329254150391,
    "complex_pde": 3.4789459705352783,
    "complex_ipde": 0.0,
    "chains_ptm": {
        "0": 0.5623550415039062
    },
    "pair_chains_iptm": {
        "0": {
            "0": 0.5623550415039062
        }
    }
}