{
    "confidence_score": 0.8034034967422485,
    "ptm": 0.8573170900344849,
    "iptm": 0.5674554109573364,
    "ligand_iptm": 0.5674554109573364,
    "protein_iptm": 0.0,
    "complex_plddt": 0.8623904585838318,
    "complex_iplddt": 0.5280606746673584,
    "complex_pde": 0.8744840621948242,
    "complex_ipde": 7.500505447387695,
    "chains_ptm": {
        "0": 0.8793993592262268,
        "1": 0.8210166692733765
    },
    "pair_chains_iptm": {
        "0": {
            "0": 0.8793993592262268,
            "1": 0.17183169722557068
        },
        "1": {
            "0": 0.5674554109573364,
            "1": 0.8210166692733765
        }
    }
}