{
    "confidence_score": 0.8299098014831543,
    "ptm": 0.8645303249359131,
    "iptm": 0.6844200491905212,
    "ligand_iptm": 0.6844200491905212,
    "protein_iptm": 0.0,
    "complex_plddt": 0.8662822246551514,
    "complex_iplddt": 0.5825952291488647,
    "complex_pde": 0.7901992201805115,
    "complex_ipde": 6.220070838928223,
    "chains_ptm": {
        "0": 0.8785216808319092,
        "1": 0.8058273196220398
    },
    "pair_chains_iptm": {
        "0": {
            "0": 0.8785216808319092,
            "1": 0.23589256405830383
        },
        "1": {
            "0": 0.6844200491905212,
            "1": 0.8058273196220398
        }
    }
}