{
    "confidence_score": 0.5321393013000488,
    "ptm": 0.5670650601387024,
    "iptm": 0.0,
    "ligand_iptm": 0.0,
    "protein_iptm": 0.0,
    "complex_plddt": 0.5234078764915466,
    "complex_iplddt": 0.5234078764915466,
    "complex_pde": 3.3649823665618896,
    "complex_ipde": 0.0,
    "chains_ptm": {
        "0": 0.5670650601387024
    },
    "pair_chains_iptm": {
        "0": {
            "0": 0.5670650601387024
        }
    }
}