{
    "confidence_score": 0.8909266591072083,
    "ptm": 0.8706474304199219,
    "iptm": 0.0,
    "ligand_iptm": 0.0,
    "protein_iptm": 0.0,
    "complex_plddt": 0.8959964513778687,
    "complex_iplddt": 0.8959964513778687,
    "complex_pde": 0.43282461166381836,
    "complex_ipde": 0.0,
    "chains_ptm": {
        "0": 0.8706474304199219
    },
    "pair_chains_iptm": {
        "0": {
            "0": 0.8706474304199219
        }
    }
}