{
    "confidence_score": 0.6421977877616882,
    "ptm": 0.642252504825592,
    "iptm": 0.954831600189209,
    "ligand_iptm": 0.954831600189209,
    "protein_iptm": 0.0,
    "complex_plddt": 0.5640393495559692,
    "complex_iplddt": 0.6696903109550476,
    "complex_pde": 2.647258758544922,
    "complex_ipde": 1.582129716873169,
    "chains_ptm": {
        "0": 0.6219214797019958,
        "1": 0.8708646893501282
    },
    "pair_chains_iptm": {
        "0": {
            "0": 0.6219214797019958,
            "1": 0.4222591519355774
        },
        "1": {
            "0": 0.954831600189209,
            "1": 0.8708646893501282
        }
    }
}