{
    "confidence_score": 0.8032292723655701,
    "ptm": 0.8525885343551636,
    "iptm": 0.5849143862724304,
    "ligand_iptm": 0.5849143862724304,
    "protein_iptm": 0.0,
    "complex_plddt": 0.8578079342842102,
    "complex_iplddt": 0.45885056257247925,
    "complex_pde": 0.8205510377883911,
    "complex_ipde": 6.522368431091309,
    "chains_ptm": {
        "0": 0.8729077577590942,
        "1": 0.8244611024856567
    },
    "pair_chains_iptm": {
        "0": {
            "0": 0.8729077577590942,
            "1": 0.17733052372932434
        },
        "1": {
            "0": 0.5849143862724304,
            "1": 0.8244611024856567
        }
    }
}