{
    "confidence_score": 0.8155468106269836,
    "ptm": 0.6335034966468811,
    "iptm": 0.5237508416175842,
    "ligand_iptm": 0.0,
    "protein_iptm": 0.5237508416175842,
    "complex_plddt": 0.8884957432746887,
    "complex_iplddt": 0.8665876388549805,
    "complex_pde": 0.6941775679588318,
    "complex_ipde": 7.525323867797852,
    "chains_ptm": {
        "0": 0.905633270740509,
        "1": 0.9039294123649597,
        "2": 0.8886568546295166,
        "3": 0.8641927242279053
    },
    "pair_chains_iptm": {
        "0": {
            "0": 0.905633270740509,
            "1": 0.7115357518196106,
            "2": 0.3379836082458496,
            "3": 0.3267345130443573
        },
        "1": {
            "0": 0.7267826199531555,
            "1": 0.9039294123649597,
            "2": 0.24650046229362488,
            "3": 0.23959988355636597
        },
        "2": {
            "0": 0.2864903509616852,
            "1": 0.2516189515590668,
            "2": 0.8886568546295166,
            "3": 0.8306528925895691
        },
        "3": {
            "0": 0.28662237524986267,
            "1": 0.25232696533203125,
            "2": 0.8076440691947937,
            "3": 0.8641927242279053
        }
    }
}