{
    "confidence_score": 0.8344278335571289,
    "ptm": 0.8626148700714111,
    "iptm": 0.6734153032302856,
    "ligand_iptm": 0.6734153032302856,
    "protein_iptm": 0.0,
    "complex_plddt": 0.8746809959411621,
    "complex_iplddt": 0.6079469919204712,
    "complex_pde": 0.8094098567962646,
    "complex_ipde": 6.598488807678223,
    "chains_ptm": {
        "0": 0.8778470754623413,
        "1": 0.8108792901039124
    },
    "pair_chains_iptm": {
        "0": {
            "0": 0.8778470754623413,
            "1": 0.23074479401111603
        },
        "1": {
            "0": 0.6734153032302856,
            "1": 0.8108792901039124
        }
    }
}