{
    "confidence_score": 0.6427804827690125,
    "ptm": 0.7755464911460876,
    "iptm": 0.971971333026886,
    "ligand_iptm": 0.971971333026886,
    "protein_iptm": 0.0,
    "complex_plddt": 0.5604827404022217,
    "complex_iplddt": 0.6808185577392578,
    "complex_pde": 1.785151720046997,
    "complex_ipde": 0.8927162885665894,
    "chains_ptm": {
        "0": 0.76309734582901,
        "1": 0.9137510657310486
    },
    "pair_chains_iptm": {
        "0": {
            "0": 0.76309734582901,
            "1": 0.5680274963378906
        },
        "1": {
            "0": 0.971971333026886,
            "1": 0.9137510657310486
        }
    }
}