{
    "confidence_score": 0.9035901427268982,
    "ptm": 0.880444347858429,
    "iptm": 0.0,
    "ligand_iptm": 0.0,
    "protein_iptm": 0.0,
    "complex_plddt": 0.9093765020370483,
    "complex_iplddt": 0.9093765020370483,
    "complex_pde": 0.4539482891559601,
    "complex_ipde": 0.0,
    "chains_ptm": {
        "0": 0.880444347858429
    },
    "pair_chains_iptm": {
        "0": {
            "0": 0.880444347858429
        }
    }
}