{
    "confidence_score": 0.8311659693717957,
    "ptm": 0.876783549785614,
    "iptm": 0.7491781115531921,
    "ligand_iptm": 0.7491781115531921,
    "protein_iptm": 0.0,
    "complex_plddt": 0.8516629338264465,
    "complex_iplddt": 0.4941492974758148,
    "complex_pde": 0.6639204025268555,
    "complex_ipde": 4.22373628616333,
    "chains_ptm": {
        "0": 0.8862660527229309,
        "1": 0.8342152237892151
    },
    "pair_chains_iptm": {
        "0": {
            "0": 0.8862660527229309,
            "1": 0.2923301160335541
        },
        "1": {
            "0": 0.7491781115531921,
            "1": 0.8342152237892151
        }
    }
}