{
    "confidence_score": 0.8935027122497559,
    "ptm": 0.870806097984314,
    "iptm": 0.0,
    "ligand_iptm": 0.0,
    "protein_iptm": 0.0,
    "complex_plddt": 0.8991768956184387,
    "complex_iplddt": 0.8991768956184387,
    "complex_pde": 0.4552709758281708,
    "complex_ipde": 0.0,
    "chains_ptm": {
        "0": 0.870806097984314
    },
    "pair_chains_iptm": {
        "0": {
            "0": 0.870806097984314
        }
    }
}