{
    "confidence_score": 0.7588446736335754,
    "ptm": 0.5493505001068115,
    "iptm": 0.36531567573547363,
    "ligand_iptm": 0.0,
    "protein_iptm": 0.36531567573547363,
    "complex_plddt": 0.8572269082069397,
    "complex_iplddt": 0.8404389023780823,
    "complex_pde": 0.806030809879303,
    "complex_ipde": 9.626211166381836,
    "chains_ptm": {
        "0": 0.9032906889915466,
        "1": 0.8953114748001099,
        "2": 0.8866549134254456,
        "3": 0.8682928681373596
    },
    "pair_chains_iptm": {
        "0": {
            "0": 0.9032906889915466,
            "1": 0.4847675561904907,
            "2": 0.2354729324579239,
            "3": 0.23356932401657104
        },
        "1": {
            "0": 0.48521170020103455,
            "1": 0.8953114748001099,
            "2": 0.20754873752593994,
            "3": 0.19315490126609802
        },
        "2": {
            "0": 0.23015737533569336,
            "1": 0.19172526895999908,
            "2": 0.8866549134254456,
            "3": 0.8275750279426575
        },
        "3": {
            "0": 0.22173082828521729,
            "1": 0.19369252026081085,
            "2": 0.80001300573349,
            "3": 0.8682928681373596
        }
    }
}