{
    "confidence_score": 0.6428527235984802,
    "ptm": 0.6522931456565857,
    "iptm": 0.9547282457351685,
    "ligand_iptm": 0.9547282457351685,
    "protein_iptm": 0.0,
    "complex_plddt": 0.564883828163147,
    "complex_iplddt": 0.6717313528060913,
    "complex_pde": 2.569502592086792,
    "complex_ipde": 1.2690154314041138,
    "chains_ptm": {
        "0": 0.6326237916946411,
        "1": 0.8608251810073853
    },
    "pair_chains_iptm": {
        "0": {
            "0": 0.6326237916946411,
            "1": 0.4248185157775879
        },
        "1": {
            "0": 0.9547282457351685,
            "1": 0.8608251810073853
        }
    }
}