{
    "confidence_score": 0.9053613543510437,
    "ptm": 0.8851288557052612,
    "iptm": 0.0,
    "ligand_iptm": 0.0,
    "protein_iptm": 0.0,
    "complex_plddt": 0.9104195237159729,
    "complex_iplddt": 0.9104195237159729,
    "complex_pde": 0.44240933656692505,
    "complex_ipde": 0.0,
    "chains_ptm": {
        "0": 0.8851288557052612
    },
    "pair_chains_iptm": {
        "0": {
            "0": 0.8851288557052612
        }
    }
}