{
    "confidence_score": 0.6466969847679138,
    "ptm": 0.65892493724823,
    "iptm": 0.9613158106803894,
    "ligand_iptm": 0.9613158106803894,
    "protein_iptm": 0.0,
    "complex_plddt": 0.5680422782897949,
    "complex_iplddt": 0.7045561671257019,
    "complex_pde": 2.5623393058776855,
    "complex_ipde": 1.3752601146697998,
    "chains_ptm": {
        "0": 0.6390564441680908,
        "1": 0.8955247402191162
    },
    "pair_chains_iptm": {
        "0": {
            "0": 0.6390564441680908,
            "1": 0.47563982009887695
        },
        "1": {
            "0": 0.9613158106803894,
            "1": 0.8955247402191162
        }
    }
}