{
    "confidence_score": 0.8109273314476013,
    "ptm": 0.6229945421218872,
    "iptm": 0.41879525780677795,
    "ligand_iptm": 0.0,
    "protein_iptm": 0.41879525780677795,
    "complex_plddt": 0.9089602828025818,
    "complex_iplddt": 0.9019296169281006,
    "complex_pde": 0.6492012143135071,
    "complex_ipde": 6.830613136291504,
    "chains_ptm": {
        "0": 0.9024124145507812,
        "1": 0.8800511956214905,
        "2": 0.8521876335144043
    },
    "pair_chains_iptm": {
        "0": {
            "0": 0.9024124145507812,
            "1": 0.28855979442596436,
            "2": 0.27759137749671936
        },
        "1": {
            "0": 0.25249266624450684,
            "1": 0.8800511956214905,
            "2": 0.8382534980773926
        },
        "2": {
            "0": 0.2419043779373169,
            "1": 0.7982056736946106,
            "2": 0.8521876335144043
        }
    }
}