{
    "confidence_score": 0.5372613072395325,
    "ptm": 0.5652933120727539,
    "iptm": 0.0,
    "ligand_iptm": 0.0,
    "protein_iptm": 0.0,
    "complex_plddt": 0.5302532911300659,
    "complex_iplddt": 0.5302532911300659,
    "complex_pde": 3.4388489723205566,
    "complex_ipde": 0.0,
    "chains_ptm": {
        "0": 0.5652933120727539
    },
    "pair_chains_iptm": {
        "0": {
            "0": 0.5652933120727539
        }
    }
}