{
    "confidence_score": 0.6346491575241089,
    "ptm": 0.7197490334510803,
    "iptm": 0.9658915400505066,
    "ligand_iptm": 0.9658915400505066,
    "protein_iptm": 0.0,
    "complex_plddt": 0.5518385171890259,
    "complex_iplddt": 0.6510291695594788,
    "complex_pde": 2.161806344985962,
    "complex_ipde": 1.0590262413024902,
    "chains_ptm": {
        "0": 0.7041327357292175,
        "1": 0.8960283398628235
    },
    "pair_chains_iptm": {
        "0": {
            "0": 0.7041327357292175,
            "1": 0.5030170679092407
        },
        "1": {
            "0": 0.9658915400505066,
            "1": 0.8960283398628235
        }
    }
}