{
    "confidence_score": 0.6382563710212708,
    "ptm": 0.6374723315238953,
    "iptm": 0.9561120867729187,
    "ligand_iptm": 0.9561120867729187,
    "protein_iptm": 0.0,
    "complex_plddt": 0.5587924122810364,
    "complex_iplddt": 0.6742739081382751,
    "complex_pde": 2.662764310836792,
    "complex_ipde": 1.486043930053711,
    "chains_ptm": {
        "0": 0.6162917017936707,
        "1": 0.8792285323143005
    },
    "pair_chains_iptm": {
        "0": {
            "0": 0.6162917017936707,
            "1": 0.4403618276119232
        },
        "1": {
            "0": 0.9561120867729187,
            "1": 0.8792285323143005
        }
    }
}