{
    "confidence_score": 0.8970937132835388,
    "ptm": 0.8733803629875183,
    "iptm": 0.0,
    "ligand_iptm": 0.0,
    "protein_iptm": 0.0,
    "complex_plddt": 0.9030219912528992,
    "complex_iplddt": 0.9030219912528992,
    "complex_pde": 0.4393792152404785,
    "complex_ipde": 0.0,
    "chains_ptm": {
        "0": 0.8733803629875183
    },
    "pair_chains_iptm": {
        "0": {
            "0": 0.8733803629875183
        }
    }
}