{
    "confidence_score": 0.6471831202507019,
    "ptm": 0.7252897620201111,
    "iptm": 0.9691393971443176,
    "ligand_iptm": 0.9691393971443176,
    "protein_iptm": 0.0,
    "complex_plddt": 0.5666940212249756,
    "complex_iplddt": 0.681479275226593,
    "complex_pde": 2.186798572540283,
    "complex_ipde": 1.1607543230056763,
    "chains_ptm": {
        "0": 0.7090663909912109,
        "1": 0.9160351157188416
    },
    "pair_chains_iptm": {
        "0": {
            "0": 0.7090663909912109,
            "1": 0.5541556477546692
        },
        "1": {
            "0": 0.9691393971443176,
            "1": 0.9160351157188416
        }
    }
}