{
    "confidence_score": 0.8133589625358582,
    "ptm": 0.8509821891784668,
    "iptm": 0.6244901418685913,
    "ligand_iptm": 0.6244901418685913,
    "protein_iptm": 0.0,
    "complex_plddt": 0.8605761528015137,
    "complex_iplddt": 0.46201223134994507,
    "complex_pde": 0.8236373662948608,
    "complex_ipde": 6.553073883056641,
    "chains_ptm": {
        "0": 0.8721300959587097,
        "1": 0.8254269361495972
    },
    "pair_chains_iptm": {
        "0": {
            "0": 0.8721300959587097,
            "1": 0.1591818928718567
        },
        "1": {
            "0": 0.6244901418685913,
            "1": 0.8254269361495972
        }
    }
}