{
    "confidence_score": 0.9032410979270935,
    "ptm": 0.8789040446281433,
    "iptm": 0.0,
    "ligand_iptm": 0.0,
    "protein_iptm": 0.0,
    "complex_plddt": 0.909325361251831,
    "complex_iplddt": 0.909325361251831,
    "complex_pde": 0.4425000846385956,
    "complex_ipde": 0.0,
    "chains_ptm": {
        "0": 0.8789040446281433
    },
    "pair_chains_iptm": {
        "0": {
            "0": 0.8789040446281433
        }
    }
}