{
    "confidence_score": 0.7976388335227966,
    "ptm": 0.6171813011169434,
    "iptm": 0.3780820071697235,
    "ligand_iptm": 0.0,
    "protein_iptm": 0.3780820071697235,
    "complex_plddt": 0.9025280475616455,
    "complex_iplddt": 0.8978403806686401,
    "complex_pde": 0.652370274066925,
    "complex_ipde": 6.872559070587158,
    "chains_ptm": {
        "0": 0.9221185445785522,
        "1": 0.8807358145713806,
        "2": 0.8589411973953247
    },
    "pair_chains_iptm": {
        "0": {
            "0": 0.9221185445785522,
            "1": 0.22809912264347076,
            "2": 0.22337748110294342
        },
        "1": {
            "0": 0.21870651841163635,
            "1": 0.8807358145713806,
            "2": 0.8383618593215942
        },
        "2": {
            "0": 0.20543308556079865,
            "1": 0.8036173582077026,
            "2": 0.8589411973953247
        }
    }
}