{
    "confidence_score": 0.8423318862915039,
    "ptm": 0.8662081360816956,
    "iptm": 0.7635013461112976,
    "ligand_iptm": 0.7635013461112976,
    "protein_iptm": 0.0,
    "complex_plddt": 0.8620395064353943,
    "complex_iplddt": 0.5876159071922302,
    "complex_pde": 0.6987012028694153,
    "complex_ipde": 4.614116668701172,
    "chains_ptm": {
        "0": 0.8738079071044922,
        "1": 0.818705677986145
    },
    "pair_chains_iptm": {
        "0": {
            "0": 0.8738079071044922,
            "1": 0.3341134190559387
        },
        "1": {
            "0": 0.7635013461112976,
            "1": 0.818705677986145
        }
    }
}