{
    "confidence_score": 0.5258607864379883,
    "ptm": 0.5624078512191772,
    "iptm": 0.0,
    "ligand_iptm": 0.0,
    "protein_iptm": 0.0,
    "complex_plddt": 0.5167240500450134,
    "complex_iplddt": 0.5167240500450134,
    "complex_pde": 3.468940258026123,
    "complex_ipde": 0.0,
    "chains_ptm": {
        "0": 0.5624078512191772
    },
    "pair_chains_iptm": {
        "0": {
            "0": 0.5624078512191772
        }
    }
}