{
    "confidence_score": 0.8028338551521301,
    "ptm": 0.6242027282714844,
    "iptm": 0.4092016816139221,
    "ligand_iptm": 0.0,
    "protein_iptm": 0.4092016816139221,
    "complex_plddt": 0.9012418389320374,
    "complex_iplddt": 0.8918977975845337,
    "complex_pde": 0.6236801147460938,
    "complex_ipde": 6.4592461585998535,
    "chains_ptm": {
        "0": 0.907253623008728,
        "1": 0.8979318737983704,
        "2": 0.8688139319419861
    },
    "pair_chains_iptm": {
        "0": {
            "0": 0.907253623008728,
            "1": 0.26917269825935364,
            "2": 0.262503981590271
        },
        "1": {
            "0": 0.2482939213514328,
            "1": 0.8979318737983704,
            "2": 0.8556504845619202
        },
        "2": {
            "0": 0.2474232017993927,
            "1": 0.81513911485672,
            "2": 0.8688139319419861
        }
    }
}