{
    "confidence_score": 0.5285111665725708,
    "ptm": 0.5734940767288208,
    "iptm": 0.0,
    "ligand_iptm": 0.0,
    "protein_iptm": 0.0,
    "complex_plddt": 0.5172653794288635,
    "complex_iplddt": 0.5172653794288635,
    "complex_pde": 3.4365787506103516,
    "complex_ipde": 0.0,
    "chains_ptm": {
        "0": 0.5734940767288208
    },
    "pair_chains_iptm": {
        "0": {
            "0": 0.5734940767288208
        }
    }
}