{
    "confidence_score": 0.6430507302284241,
    "ptm": 0.6851198077201843,
    "iptm": 0.9686141014099121,
    "ligand_iptm": 0.9686141014099121,
    "protein_iptm": 0.0,
    "complex_plddt": 0.5616598725318909,
    "complex_iplddt": 0.696826696395874,
    "complex_pde": 2.4234094619750977,
    "complex_ipde": 1.280078411102295,
    "chains_ptm": {
        "0": 0.6663491725921631,
        "1": 0.89875727891922
    },
    "pair_chains_iptm": {
        "0": {
            "0": 0.6663491725921631,
            "1": 0.4942210018634796
        },
        "1": {
            "0": 0.9686141014099121,
            "1": 0.89875727891922
        }
    }
}