{
    "confidence_score": 0.8597222566604614,
    "ptm": 0.7808068990707397,
    "iptm": 0.7373600602149963,
    "ligand_iptm": 0.0,
    "protein_iptm": 0.7373600602149963,
    "complex_plddt": 0.8903127908706665,
    "complex_iplddt": 0.8147674798965454,
    "complex_pde": 0.5354781150817871,
    "complex_ipde": 5.465047836303711,
    "chains_ptm": {
        "0": 0.9100637435913086,
        "1": 0.9056620001792908
    },
    "pair_chains_iptm": {
        "0": {
            "0": 0.9100637435913086,
            "1": 0.7373600602149963
        },
        "1": {
            "0": 0.7326592803001404,
            "1": 0.9056620001792908
        }
    }
}