{
    "confidence_score": 0.8850745558738708,
    "ptm": 0.8696087598800659,
    "iptm": 0.0,
    "ligand_iptm": 0.0,
    "protein_iptm": 0.0,
    "complex_plddt": 0.8889409899711609,
    "complex_iplddt": 0.8889409899711609,
    "complex_pde": 0.4552978277206421,
    "complex_ipde": 0.0,
    "chains_ptm": {
        "0": 0.8696087598800659
    },
    "pair_chains_iptm": {
        "0": {
            "0": 0.8696087598800659
        }
    }
}