{
    "confidence_score": 0.7969114184379578,
    "ptm": 0.6382983326911926,
    "iptm": 0.5013480186462402,
    "ligand_iptm": 0.0,
    "protein_iptm": 0.5013480186462402,
    "complex_plddt": 0.8708022236824036,
    "complex_iplddt": 0.8498517274856567,
    "complex_pde": 0.6789106130599976,
    "complex_ipde": 7.821249008178711,
    "chains_ptm": {
        "0": 0.9202759861946106,
        "1": 0.912455141544342,
        "2": 0.922658383846283,
        "3": 0.8939505219459534
    },
    "pair_chains_iptm": {
        "0": {
            "0": 0.9202759861946106,
            "1": 0.6054576635360718,
            "2": 0.3667493164539337,
            "3": 0.3724847435951233
        },
        "1": {
            "0": 0.6037464141845703,
            "1": 0.912455141544342,
            "2": 0.36287444829940796,
            "3": 0.35783353447914124
        },
        "2": {
            "0": 0.39292505383491516,
            "1": 0.39258286356925964,
            "2": 0.922658383846283,
            "3": 0.8595688939094543
        },
        "3": {
            "0": 0.3787423074245453,
            "1": 0.3742617964744568,
            "2": 0.8243559002876282,
            "3": 0.8939505219459534
        }
    }
}