{
    "confidence_score": 0.8957182765007019,
    "ptm": 0.8743961453437805,
    "iptm": 0.0,
    "ligand_iptm": 0.0,
    "protein_iptm": 0.0,
    "complex_plddt": 0.9010488390922546,
    "complex_iplddt": 0.9010488390922546,
    "complex_pde": 0.44537362456321716,
    "complex_ipde": 0.0,
    "chains_ptm": {
        "0": 0.8743961453437805
    },
    "pair_chains_iptm": {
        "0": {
            "0": 0.8743961453437805
        }
    }
}