{
    "confidence_score": 0.6407831311225891,
    "ptm": 0.6741333603858948,
    "iptm": 0.9680115580558777,
    "ligand_iptm": 0.9680115580558777,
    "protein_iptm": 0.0,
    "complex_plddt": 0.5589759945869446,
    "complex_iplddt": 0.6560750603675842,
    "complex_pde": 2.4487993717193604,
    "complex_ipde": 1.257466435432434,
    "chains_ptm": {
        "0": 0.6546662449836731,
        "1": 0.9081584215164185
    },
    "pair_chains_iptm": {
        "0": {
            "0": 0.6546662449836731,
            "1": 0.5006465911865234
        },
        "1": {
            "0": 0.9680115580558777,
            "1": 0.9081584215164185
        }
    }
}