{
    "confidence_score": 0.5317494869232178,
    "ptm": 0.5515351891517639,
    "iptm": 0.0,
    "ligand_iptm": 0.0,
    "protein_iptm": 0.0,
    "complex_plddt": 0.5268030762672424,
    "complex_iplddt": 0.5268030762672424,
    "complex_pde": 3.586427927017212,
    "complex_ipde": 0.0,
    "chains_ptm": {
        "0": 0.5515351891517639
    },
    "pair_chains_iptm": {
        "0": {
            "0": 0.5515351891517639
        }
    }
}