{
    "confidence_score": 0.6390546560287476,
    "ptm": 0.7550806403160095,
    "iptm": 0.970554530620575,
    "ligand_iptm": 0.970554530620575,
    "protein_iptm": 0.0,
    "complex_plddt": 0.5561796426773071,
    "complex_iplddt": 0.6534927487373352,
    "complex_pde": 1.938956618309021,
    "complex_ipde": 0.93288654088974,
    "chains_ptm": {
        "0": 0.7414413690567017,
        "1": 0.9050483703613281
    },
    "pair_chains_iptm": {
        "0": {
            "0": 0.7414413690567017,
            "1": 0.5421802997589111
        },
        "1": {
            "0": 0.970554530620575,
            "1": 0.9050483703613281
        }
    }
}