{
    "confidence_score": 0.5253576636314392,
    "ptm": 0.5564079284667969,
    "iptm": 0.0,
    "ligand_iptm": 0.0,
    "protein_iptm": 0.0,
    "complex_plddt": 0.5175950527191162,
    "complex_iplddt": 0.5175950527191162,
    "complex_pde": 3.5685300827026367,
    "complex_ipde": 0.0,
    "chains_ptm": {
        "0": 0.5564079284667969
    },
    "pair_chains_iptm": {
        "0": {
            "0": 0.5564079284667969
        }
    }
}