{
    "confidence_score": 0.6449349522590637,
    "ptm": 0.6974499821662903,
    "iptm": 0.9692034721374512,
    "ligand_iptm": 0.9692034721374512,
    "protein_iptm": 0.0,
    "complex_plddt": 0.5638678073883057,
    "complex_iplddt": 0.6952506899833679,
    "complex_pde": 2.3484179973602295,
    "complex_ipde": 1.255567193031311,
    "chains_ptm": {
        "0": 0.6795345544815063,
        "1": 0.8978150486946106
    },
    "pair_chains_iptm": {
        "0": {
            "0": 0.6795345544815063,
            "1": 0.4958384335041046
        },
        "1": {
            "0": 0.9692034721374512,
            "1": 0.8978150486946106
        }
    }
}