{
    "confidence_score": 0.8657693266868591,
    "ptm": 0.7834166884422302,
    "iptm": 0.7572900652885437,
    "ligand_iptm": 0.0,
    "protein_iptm": 0.7572900652885437,
    "complex_plddt": 0.8928890824317932,
    "complex_iplddt": 0.8115012049674988,
    "complex_pde": 0.5524114370346069,
    "complex_ipde": 5.593825817108154,
    "chains_ptm": {
        "0": 0.9095025062561035,
        "1": 0.9086230993270874
    },
    "pair_chains_iptm": {
        "0": {
            "0": 0.9095025062561035,
            "1": 0.7533844113349915
        },
        "1": {
            "0": 0.7572900652885437,
            "1": 0.9086230993270874
        }
    }
}