{
    "confidence_score": 0.6518620848655701,
    "ptm": 0.683325469493866,
    "iptm": 0.9659549593925476,
    "ligand_iptm": 0.9659549593925476,
    "protein_iptm": 0.0,
    "complex_plddt": 0.5733388066291809,
    "complex_iplddt": 0.6834617257118225,
    "complex_pde": 2.4225516319274902,
    "complex_ipde": 1.2626057863235474,
    "chains_ptm": {
        "0": 0.6643342971801758,
        "1": 0.9102358222007751
    },
    "pair_chains_iptm": {
        "0": {
            "0": 0.6643342971801758,
            "1": 0.5246678590774536
        },
        "1": {
            "0": 0.9659549593925476,
            "1": 0.9102358222007751
        }
    }
}