{
    "confidence_score": 0.8678730130195618,
    "ptm": 0.874748945236206,
    "iptm": 0.8388223052024841,
    "ligand_iptm": 0.8388223052024841,
    "protein_iptm": 0.0,
    "complex_plddt": 0.8751357197761536,
    "complex_iplddt": 0.6336590647697449,
    "complex_pde": 0.6416100263595581,
    "complex_ipde": 3.828983783721924,
    "chains_ptm": {
        "0": 0.8801221251487732,
        "1": 0.8279081583023071
    },
    "pair_chains_iptm": {
        "0": {
            "0": 0.8801221251487732,
            "1": 0.34605109691619873
        },
        "1": {
            "0": 0.8388223052024841,
            "1": 0.8279081583023071
        }
    }
}