{
    "confidence_score": 0.8465328216552734,
    "ptm": 0.773731529712677,
    "iptm": 0.7322340607643127,
    "ligand_iptm": 0.0,
    "protein_iptm": 0.7322340607643127,
    "complex_plddt": 0.87510746717453,
    "complex_iplddt": 0.8057698011398315,
    "complex_pde": 0.5570048093795776,
    "complex_ipde": 6.117650032043457,
    "chains_ptm": {
        "0": 0.8989141583442688,
        "1": 0.898371160030365
    },
    "pair_chains_iptm": {
        "0": {
            "0": 0.8989141583442688,
            "1": 0.7322340607643127
        },
        "1": {
            "0": 0.7299756407737732,
            "1": 0.898371160030365
        }
    }
}