{
    "confidence_score": 0.8033739328384399,
    "ptm": 0.6135425567626953,
    "iptm": 0.5117385387420654,
    "ligand_iptm": 0.0,
    "protein_iptm": 0.5117385387420654,
    "complex_plddt": 0.8762826919555664,
    "complex_iplddt": 0.8286948800086975,
    "complex_pde": 0.6699545979499817,
    "complex_ipde": 7.065926551818848,
    "chains_ptm": {
        "0": 0.9161319136619568,
        "1": 0.9078094959259033,
        "2": 0.8893715143203735,
        "3": 0.8668254017829895
    },
    "pair_chains_iptm": {
        "0": {
            "0": 0.9161319136619568,
            "1": 0.7132973074913025,
            "2": 0.23532888293266296,
            "3": 0.2337200939655304
        },
        "1": {
            "0": 0.7299605011940002,
            "1": 0.9078094959259033,
            "2": 0.2024335414171219,
            "3": 0.19621992111206055
        },
        "2": {
            "0": 0.22445185482501984,
            "1": 0.20156773924827576,
            "2": 0.8893715143203735,
            "3": 0.8303753137588501
        },
        "3": {
            "0": 0.21863320469856262,
            "1": 0.20535890758037567,
            "2": 0.8011791706085205,
            "3": 0.8668254017829895
        }
    }
}