{
    "confidence_score": 0.8019587397575378,
    "ptm": 0.6152203679084778,
    "iptm": 0.4990178644657135,
    "ligand_iptm": 0.0,
    "protein_iptm": 0.4990178644657135,
    "complex_plddt": 0.8776940107345581,
    "complex_iplddt": 0.862662136554718,
    "complex_pde": 0.6926501989364624,
    "complex_ipde": 7.937791347503662,
    "chains_ptm": {
        "0": 0.9218354821205139,
        "1": 0.9120556116104126,
        "2": 0.8905885815620422,
        "3": 0.8701383471488953
    },
    "pair_chains_iptm": {
        "0": {
            "0": 0.9218354821205139,
            "1": 0.7142707109451294,
            "2": 0.23829655349254608,
            "3": 0.235800102353096
        },
        "1": {
            "0": 0.6997017860412598,
            "1": 0.9120556116104126,
            "2": 0.20258928835391998,
            "3": 0.19259288907051086
        },
        "2": {
            "0": 0.23256994783878326,
            "1": 0.19783805310726166,
            "2": 0.8905885815620422,
            "3": 0.8319574594497681
        },
        "3": {
            "0": 0.22410453855991364,
            "1": 0.19709503650665283,
            "2": 0.803126335144043,
            "3": 0.8701383471488953
        }
    }
}