{
    "confidence_score": 0.7912644743919373,
    "ptm": 0.5889273881912231,
    "iptm": 0.4243558347225189,
    "ligand_iptm": 0.0,
    "protein_iptm": 0.4243558347225189,
    "complex_plddt": 0.8829916715621948,
    "complex_iplddt": 0.855821967124939,
    "complex_pde": 0.7408512234687805,
    "complex_ipde": 8.72152042388916,
    "chains_ptm": {
        "0": 0.9048691391944885,
        "1": 0.9060644507408142,
        "2": 0.8877338171005249,
        "3": 0.8634145259857178
    },
    "pair_chains_iptm": {
        "0": {
            "0": 0.9048691391944885,
            "1": 0.5424124598503113,
            "2": 0.32353919744491577,
            "3": 0.3147718012332916
        },
        "1": {
            "0": 0.5404151082038879,
            "1": 0.9060644507408142,
            "2": 0.23789893090724945,
            "3": 0.2265251874923706
        },
        "2": {
            "0": 0.2803342044353485,
            "1": 0.22710634768009186,
            "2": 0.8877338171005249,
            "3": 0.8266797661781311
        },
        "3": {
            "0": 0.27724534273147583,
            "1": 0.2313012331724167,
            "2": 0.8031271696090698,
            "3": 0.8634145259857178
        }
    }
}