{
    "confidence_score": 0.8058714866638184,
    "ptm": 0.6874840259552002,
    "iptm": 0.5126663446426392,
    "ligand_iptm": 0.0,
    "protein_iptm": 0.5126663446426392,
    "complex_plddt": 0.8791728019714355,
    "complex_iplddt": 0.7843529582023621,
    "complex_pde": 0.6149393320083618,
    "complex_ipde": 9.169169425964355,
    "chains_ptm": {
        "0": 0.9078674912452698,
        "1": 0.9081855416297913
    },
    "pair_chains_iptm": {
        "0": {
            "0": 0.9078674912452698,
            "1": 0.5053626298904419
        },
        "1": {
            "0": 0.5126663446426392,
            "1": 0.9081855416297913
        }
    }
}