{
    "confidence_score": 0.636563241481781,
    "ptm": 0.6823156476020813,
    "iptm": 0.9601213335990906,
    "ligand_iptm": 0.9601213335990906,
    "protein_iptm": 0.0,
    "complex_plddt": 0.5556737184524536,
    "complex_iplddt": 0.6664407849311829,
    "complex_pde": 2.39890456199646,
    "complex_ipde": 1.1287347078323364,
    "chains_ptm": {
        "0": 0.6641771197319031,
        "1": 0.8681881427764893
    },
    "pair_chains_iptm": {
        "0": {
            "0": 0.6641771197319031,
            "1": 0.44554802775382996
        },
        "1": {
            "0": 0.9601213335990906,
            "1": 0.8681881427764893
        }
    }
}