{
    "confidence_score": 0.8604040145874023,
    "ptm": 0.8713468909263611,
    "iptm": 0.7805728316307068,
    "ligand_iptm": 0.7805728316307068,
    "protein_iptm": 0.0,
    "complex_plddt": 0.880361795425415,
    "complex_iplddt": 0.6789698004722595,
    "complex_pde": 0.6981276869773865,
    "complex_ipde": 4.958413124084473,
    "chains_ptm": {
        "0": 0.8807559609413147,
        "1": 0.8057714104652405
    },
    "pair_chains_iptm": {
        "0": {
            "0": 0.8807559609413147,
            "1": 0.29772520065307617
        },
        "1": {
            "0": 0.7805728316307068,
            "1": 0.8057714104652405
        }
    }
}