{
    "confidence_score": 0.7881053686141968,
    "ptm": 0.5784288048744202,
    "iptm": 0.4188344478607178,
    "ligand_iptm": 0.0,
    "protein_iptm": 0.4188344478607178,
    "complex_plddt": 0.8804230690002441,
    "complex_iplddt": 0.8568351864814758,
    "complex_pde": 0.7576737999916077,
    "complex_ipde": 8.955734252929688,
    "chains_ptm": {
        "0": 0.9032713770866394,
        "1": 0.8973833322525024,
        "2": 0.8838155269622803,
        "3": 0.8536959290504456
    },
    "pair_chains_iptm": {
        "0": {
            "0": 0.9032713770866394,
            "1": 0.5497329831123352,
            "2": 0.2617341876029968,
            "3": 0.2554761469364166
        },
        "1": {
            "0": 0.5565019249916077,
            "1": 0.8973833322525024,
            "2": 0.21646137535572052,
            "3": 0.20829357206821442
        },
        "2": {
            "0": 0.2291851043701172,
            "1": 0.21023476123809814,
            "2": 0.8838155269622803,
            "3": 0.8217012882232666
        },
        "3": {
            "0": 0.2345597743988037,
            "1": 0.2091187983751297,
            "2": 0.7895088791847229,
            "3": 0.8536959290504456
        }
    }
}