{
    "confidence_score": 0.7825996279716492,
    "ptm": 0.5712714195251465,
    "iptm": 0.40047958493232727,
    "ligand_iptm": 0.0,
    "protein_iptm": 0.40047958493232727,
    "complex_plddt": 0.8781296610832214,
    "complex_iplddt": 0.8391828536987305,
    "complex_pde": 0.746494710445404,
    "complex_ipde": 8.649680137634277,
    "chains_ptm": {
        "0": 0.9028468132019043,
        "1": 0.898418128490448,
        "2": 0.8970587253570557,
        "3": 0.8641961812973022
    },
    "pair_chains_iptm": {
        "0": {
            "0": 0.9028468132019043,
            "1": 0.5354118943214417,
            "2": 0.24762141704559326,
            "3": 0.24519123136997223
        },
        "1": {
            "0": 0.5275405645370483,
            "1": 0.898418128490448,
            "2": 0.2119474858045578,
            "3": 0.21135951578617096
        },
        "2": {
            "0": 0.222980335354805,
            "1": 0.21149751543998718,
            "2": 0.8970587253570557,
            "3": 0.8318005800247192
        },
        "3": {
            "0": 0.22699078917503357,
            "1": 0.21191981434822083,
            "2": 0.7983549237251282,
            "3": 0.8641961812973022
        }
    }
}