{
    "confidence_score": 0.8554301261901855,
    "ptm": 0.7669041156768799,
    "iptm": 0.7158250212669373,
    "ligand_iptm": 0.0,
    "protein_iptm": 0.7158250212669373,
    "complex_plddt": 0.8903314471244812,
    "complex_iplddt": 0.8054118156433105,
    "complex_pde": 0.5689206719398499,
    "complex_ipde": 6.568335056304932,
    "chains_ptm": {
        "0": 0.909710168838501,
        "1": 0.9074708819389343
    },
    "pair_chains_iptm": {
        "0": {
            "0": 0.909710168838501,
            "1": 0.7151736617088318
        },
        "1": {
            "0": 0.7158250212669373,
            "1": 0.9074708819389343
        }
    }
}