{
    "confidence_score": 0.8617714047431946,
    "ptm": 0.7917766571044922,
    "iptm": 0.758736252784729,
    "ligand_iptm": 0.0,
    "protein_iptm": 0.758736252784729,
    "complex_plddt": 0.8875301480293274,
    "complex_iplddt": 0.8052545785903931,
    "complex_pde": 0.534199595451355,
    "complex_ipde": 4.859239101409912,
    "chains_ptm": {
        "0": 0.9100316166877747,
        "1": 0.9072416424751282
    },
    "pair_chains_iptm": {
        "0": {
            "0": 0.9100316166877747,
            "1": 0.758736252784729
        },
        "1": {
            "0": 0.7575925588607788,
            "1": 0.9072416424751282
        }
    }
}