{
    "confidence_score": 0.7727242112159729,
    "ptm": 0.8437749147415161,
    "iptm": 0.42853257060050964,
    "ligand_iptm": 0.42853257060050964,
    "protein_iptm": 0.0,
    "complex_plddt": 0.8587720990180969,
    "complex_iplddt": 0.45081210136413574,
    "complex_pde": 1.0273929834365845,
    "complex_ipde": 9.56607437133789,
    "chains_ptm": {
        "0": 0.8726851940155029,
        "1": 0.8327904343605042
    },
    "pair_chains_iptm": {
        "0": {
            "0": 0.8726851940155029,
            "1": 0.12032970786094666
        },
        "1": {
            "0": 0.42853257060050964,
            "1": 0.8327904343605042
        }
    }
}