{
    "confidence_score": 0.8183383345603943,
    "ptm": 0.6700858473777771,
    "iptm": 0.5919638872146606,
    "ligand_iptm": 0.0,
    "protein_iptm": 0.5919638872146606,
    "complex_plddt": 0.8749318718910217,
    "complex_iplddt": 0.8337154388427734,
    "complex_pde": 0.6019378304481506,
    "complex_ipde": 5.8238372802734375,
    "chains_ptm": {
        "0": 0.9165359735488892,
        "1": 0.9070659875869751,
        "2": 0.9158915877342224,
        "3": 0.8861851692199707
    },
    "pair_chains_iptm": {
        "0": {
            "0": 0.9165359735488892,
            "1": 0.7609196305274963,
            "2": 0.324063777923584,
            "3": 0.3218059241771698
        },
        "1": {
            "0": 0.7684345841407776,
            "1": 0.9070659875869751,
            "2": 0.3565569221973419,
            "3": 0.35495254397392273
        },
        "2": {
            "0": 0.35953280329704285,
            "1": 0.37886038422584534,
            "2": 0.9158915877342224,
            "3": 0.8505699038505554
        },
        "3": {
            "0": 0.34789225459098816,
            "1": 0.3630557060241699,
            "2": 0.8138858079910278,
            "3": 0.8861851692199707
        }
    }
}