{
    "confidence_score": 0.7946992516517639,
    "ptm": 0.6196330785751343,
    "iptm": 0.5130099654197693,
    "ligand_iptm": 0.0,
    "protein_iptm": 0.5130099654197693,
    "complex_plddt": 0.8651215434074402,
    "complex_iplddt": 0.8275092244148254,
    "complex_pde": 0.7092150449752808,
    "complex_ipde": 7.614372253417969,
    "chains_ptm": {
        "0": 0.9061790704727173,
        "1": 0.8992000818252563,
        "2": 0.9026950597763062,
        "3": 0.88419109582901
    },
    "pair_chains_iptm": {
        "0": {
            "0": 0.9061790704727173,
            "1": 0.7236778140068054,
            "2": 0.25900140404701233,
            "3": 0.257551372051239
        },
        "1": {
            "0": 0.7250958681106567,
            "1": 0.8992000818252563,
            "2": 0.20759683847427368,
            "3": 0.19959934055805206
        },
        "2": {
            "0": 0.26058444380760193,
            "1": 0.20711854100227356,
            "2": 0.9026950597763062,
            "3": 0.8489903807640076
        },
        "3": {
            "0": 0.25060173869132996,
            "1": 0.20587877929210663,
            "2": 0.8181741237640381,
            "3": 0.88419109582901
        }
    }
}