{
    "confidence_score": 0.7893477082252502,
    "ptm": 0.5999255776405334,
    "iptm": 0.44122785329818726,
    "ligand_iptm": 0.0,
    "protein_iptm": 0.44122785329818726,
    "complex_plddt": 0.8763776421546936,
    "complex_iplddt": 0.8615992069244385,
    "complex_pde": 0.7039104700088501,
    "complex_ipde": 8.034421920776367,
    "chains_ptm": {
        "0": 0.9229968786239624,
        "1": 0.9110063910484314,
        "2": 0.8997253179550171,
        "3": 0.8853607773780823
    },
    "pair_chains_iptm": {
        "0": {
            "0": 0.9229968786239624,
            "1": 0.5973690152168274,
            "2": 0.2830283045768738,
            "3": 0.28578639030456543
        },
        "1": {
            "0": 0.6007350087165833,
            "1": 0.9110063910484314,
            "2": 0.20986275374889374,
            "3": 0.2003185749053955
        },
        "2": {
            "0": 0.2801992893218994,
            "1": 0.2070588320493698,
            "2": 0.8997253179550171,
            "3": 0.8460536003112793
        },
        "3": {
            "0": 0.2618982195854187,
            "1": 0.20919638872146606,
            "2": 0.8199865818023682,
            "3": 0.8853607773780823
        }
    }
}