{
    "confidence_score": 0.8558220267295837,
    "ptm": 0.7838547825813293,
    "iptm": 0.7616412043571472,
    "ligand_iptm": 0.0,
    "protein_iptm": 0.7616412043571472,
    "complex_plddt": 0.8793672323226929,
    "complex_iplddt": 0.8272162675857544,
    "complex_pde": 0.5494406223297119,
    "complex_ipde": 6.24273681640625,
    "chains_ptm": {
        "0": 0.9026080965995789,
        "1": 0.9028674364089966
    },
    "pair_chains_iptm": {
        "0": {
            "0": 0.9026080965995789,
            "1": 0.7544236779212952
        },
        "1": {
            "0": 0.7616412043571472,
            "1": 0.9028674364089966
        }
    }
}