{
    "confidence_score": 0.6474621891975403,
    "ptm": 0.7378423810005188,
    "iptm": 0.9761067628860474,
    "ligand_iptm": 0.9761067628860474,
    "protein_iptm": 0.0,
    "complex_plddt": 0.5653010010719299,
    "complex_iplddt": 0.646298348903656,
    "complex_pde": 1.9438308477401733,
    "complex_ipde": 1.0747318267822266,
    "chains_ptm": {
        "0": 0.7222142219543457,
        "1": 0.9179566502571106
    },
    "pair_chains_iptm": {
        "0": {
            "0": 0.7222142219543457,
            "1": 0.5643827319145203
        },
        "1": {
            "0": 0.9761067628860474,
            "1": 0.9179566502571106
        }
    }
}