{
    "confidence_score": 0.6389115452766418,
    "ptm": 0.6620839238166809,
    "iptm": 0.9598905444145203,
    "ligand_iptm": 0.9598905444145203,
    "protein_iptm": 0.0,
    "complex_plddt": 0.5586667656898499,
    "complex_iplddt": 0.6455103754997253,
    "complex_pde": 2.495569944381714,
    "complex_ipde": 1.2207274436950684,
    "chains_ptm": {
        "0": 0.6425491571426392,
        "1": 0.8716958165168762
    },
    "pair_chains_iptm": {
        "0": {
            "0": 0.6425491571426392,
            "1": 0.4260008931159973
        },
        "1": {
            "0": 0.9598905444145203,
            "1": 0.8716958165168762
        }
    }
}