{
    "confidence_score": 0.8008373379707336,
    "ptm": 0.6287103295326233,
    "iptm": 0.5461276173591614,
    "ligand_iptm": 0.0,
    "protein_iptm": 0.5461276173591614,
    "complex_plddt": 0.8645147681236267,
    "complex_iplddt": 0.8355568647384644,
    "complex_pde": 0.724796712398529,
    "complex_ipde": 8.03242015838623,
    "chains_ptm": {
        "0": 0.9021248817443848,
        "1": 0.9000857472419739,
        "2": 0.9075453877449036,
        "3": 0.8875447511672974
    },
    "pair_chains_iptm": {
        "0": {
            "0": 0.9021248817443848,
            "1": 0.7412100434303284,
            "2": 0.2424398809671402,
            "3": 0.2382189780473709
        },
        "1": {
            "0": 0.741776704788208,
            "1": 0.9000857472419739,
            "2": 0.28577539324760437,
            "3": 0.3049775958061218
        },
        "2": {
            "0": 0.2674037218093872,
            "1": 0.3128892481327057,
            "2": 0.9075453877449036,
            "3": 0.8440454006195068
        },
        "3": {
            "0": 0.26164695620536804,
            "1": 0.29969680309295654,
            "2": 0.8161941170692444,
            "3": 0.8875447511672974
        }
    }
}