{
    "confidence_score": 0.8337076306343079,
    "ptm": 0.8556375503540039,
    "iptm": 0.6731864213943481,
    "ligand_iptm": 0.6731864213943481,
    "protein_iptm": 0.0,
    "complex_plddt": 0.8738378882408142,
    "complex_iplddt": 0.6253656148910522,
    "complex_pde": 0.8401157259941101,
    "complex_ipde": 6.580776691436768,
    "chains_ptm": {
        "0": 0.8705019950866699,
        "1": 0.7958325147628784
    },
    "pair_chains_iptm": {
        "0": {
            "0": 0.8705019950866699,
            "1": 0.23701345920562744
        },
        "1": {
            "0": 0.6731864213943481,
            "1": 0.7958325147628784
        }
    }
}