{
    "confidence_score": 0.7904677391052246,
    "ptm": 0.6168174147605896,
    "iptm": 0.5179823637008667,
    "ligand_iptm": 0.0,
    "protein_iptm": 0.5179823637008667,
    "complex_plddt": 0.8585890531539917,
    "complex_iplddt": 0.8061138391494751,
    "complex_pde": 0.7543461322784424,
    "complex_ipde": 7.9174981117248535,
    "chains_ptm": {
        "0": 0.9013193249702454,
        "1": 0.8956368565559387,
        "2": 0.9006611704826355,
        "3": 0.8821987509727478
    },
    "pair_chains_iptm": {
        "0": {
            "0": 0.9013193249702454,
            "1": 0.7128428220748901,
            "2": 0.27146580815315247,
            "3": 0.27127403020858765
        },
        "1": {
            "0": 0.7236416339874268,
            "1": 0.8956368565559387,
            "2": 0.22510701417922974,
            "3": 0.21988758444786072
        },
        "2": {
            "0": 0.26001501083374023,
            "1": 0.2170795500278473,
            "2": 0.9006611704826355,
            "3": 0.8468707203865051
        },
        "3": {
            "0": 0.24969802796840668,
            "1": 0.22229674458503723,
            "2": 0.8211577534675598,
            "3": 0.8821987509727478
        }
    }
}