{
    "confidence_score": 0.7896315455436707,
    "ptm": 0.6084018349647522,
    "iptm": 0.4868234694004059,
    "ligand_iptm": 0.0,
    "protein_iptm": 0.4868234694004059,
    "complex_plddt": 0.8653335571289062,
    "complex_iplddt": 0.8495660424232483,
    "complex_pde": 0.7434888482093811,
    "complex_ipde": 8.279243469238281,
    "chains_ptm": {
        "0": 0.9084784388542175,
        "1": 0.9004066586494446,
        "2": 0.8870184421539307,
        "3": 0.8644416928291321
    },
    "pair_chains_iptm": {
        "0": {
            "0": 0.9084784388542175,
            "1": 0.6826843023300171,
            "2": 0.25740256905555725,
            "3": 0.26061004400253296
        },
        "1": {
            "0": 0.6774676442146301,
            "1": 0.9004066586494446,
            "2": 0.204869344830513,
            "3": 0.19516542553901672
        },
        "2": {
            "0": 0.2413727194070816,
            "1": 0.20320719480514526,
            "2": 0.8870184421539307,
            "3": 0.8281815052032471
        },
        "3": {
            "0": 0.23304836452007294,
            "1": 0.20549331605434418,
            "2": 0.799421489238739,
            "3": 0.8644416928291321
        }
    }
}