{
    "confidence_score": 0.6453135013580322,
    "ptm": 0.673044741153717,
    "iptm": 0.9643435478210449,
    "ligand_iptm": 0.9643435478210449,
    "protein_iptm": 0.0,
    "complex_plddt": 0.565555989742279,
    "complex_iplddt": 0.6787570714950562,
    "complex_pde": 2.405693769454956,
    "complex_ipde": 1.2766534090042114,
    "chains_ptm": {
        "0": 0.653670072555542,
        "1": 0.8993765115737915
    },
    "pair_chains_iptm": {
        "0": {
            "0": 0.653670072555542,
            "1": 0.4909512996673584
        },
        "1": {
            "0": 0.9643435478210449,
            "1": 0.8993765115737915
        }
    }
}