{
    "confidence_score": 0.7936071753501892,
    "ptm": 0.5906992554664612,
    "iptm": 0.4267531633377075,
    "ligand_iptm": 0.0,
    "protein_iptm": 0.4267531633377075,
    "complex_plddt": 0.8853206634521484,
    "complex_iplddt": 0.861508846282959,
    "complex_pde": 0.7330977320671082,
    "complex_ipde": 8.585893630981445,
    "chains_ptm": {
        "0": 0.9059903621673584,
        "1": 0.9030788540840149,
        "2": 0.892666220664978,
        "3": 0.8712103962898254
    },
    "pair_chains_iptm": {
        "0": {
            "0": 0.9059903621673584,
            "1": 0.5487499833106995,
            "2": 0.31960567831993103,
            "3": 0.309609591960907
        },
        "1": {
            "0": 0.5487849116325378,
            "1": 0.9030788540840149,
            "2": 0.23192043602466583,
            "3": 0.22187328338623047
        },
        "2": {
            "0": 0.2739834785461426,
            "1": 0.22214879095554352,
            "2": 0.892666220664978,
            "3": 0.836165189743042
        },
        "3": {
            "0": 0.2722882628440857,
            "1": 0.22424325346946716,
            "2": 0.8094130158424377,
            "3": 0.8712103962898254
        }
    }
}