{
    "confidence_score": 0.8471012115478516,
    "ptm": 0.8685384392738342,
    "iptm": 0.7380878329277039,
    "ligand_iptm": 0.7380878329277039,
    "protein_iptm": 0.0,
    "complex_plddt": 0.8743545413017273,
    "complex_iplddt": 0.6329463720321655,
    "complex_pde": 0.7403684854507446,
    "complex_ipde": 5.465789318084717,
    "chains_ptm": {
        "0": 0.879784345626831,
        "1": 0.8084210753440857
    },
    "pair_chains_iptm": {
        "0": {
            "0": 0.879784345626831,
            "1": 0.25210848450660706
        },
        "1": {
            "0": 0.7380878329277039,
            "1": 0.8084210753440857
        }
    }
}