{
    "confidence_score": 0.8288092017173767,
    "ptm": 0.6695809960365295,
    "iptm": 0.5777568221092224,
    "ligand_iptm": 0.0,
    "protein_iptm": 0.5777568221092224,
    "complex_plddt": 0.8915722966194153,
    "complex_iplddt": 0.8715351819992065,
    "complex_pde": 0.659290611743927,
    "complex_ipde": 6.499261379241943,
    "chains_ptm": {
        "0": 0.9059435725212097,
        "1": 0.9024220705032349,
        "2": 0.8990199565887451,
        "3": 0.8782209157943726
    },
    "pair_chains_iptm": {
        "0": {
            "0": 0.9059435725212097,
            "1": 0.7510600090026855,
            "2": 0.4542728662490845,
            "3": 0.4400331974029541
        },
        "1": {
            "0": 0.7466155886650085,
            "1": 0.9024220705032349,
            "2": 0.32316285371780396,
            "3": 0.3146233558654785
        },
        "2": {
            "0": 0.3958652913570404,
            "1": 0.32520797848701477,
            "2": 0.8990199565887451,
            "3": 0.8440763354301453
        },
        "3": {
            "0": 0.3980289101600647,
            "1": 0.3286178708076477,
            "2": 0.8272612690925598,
            "3": 0.8782209157943726
        }
    }
}