{
    "confidence_score": 0.8107677698135376,
    "ptm": 0.6411095261573792,
    "iptm": 0.5443603992462158,
    "ligand_iptm": 0.0,
    "protein_iptm": 0.5443603992462158,
    "complex_plddt": 0.8773696422576904,
    "complex_iplddt": 0.8412516117095947,
    "complex_pde": 0.6177744269371033,
    "complex_ipde": 6.1588215827941895,
    "chains_ptm": {
        "0": 0.9217542409896851,
        "1": 0.9139446020126343,
        "2": 0.9000676870346069,
        "3": 0.8807644248008728
    },
    "pair_chains_iptm": {
        "0": {
            "0": 0.9217542409896851,
            "1": 0.746781587600708,
            "2": 0.3368772566318512,
            "3": 0.32572251558303833
        },
        "1": {
            "0": 0.7440505027770996,
            "1": 0.9139446020126343,
            "2": 0.27937647700309753,
            "3": 0.2807915508747101
        },
        "2": {
            "0": 0.3883010149002075,
            "1": 0.2862531244754791,
            "2": 0.9000676870346069,
            "3": 0.8371627330780029
        },
        "3": {
            "0": 0.3936018943786621,
            "1": 0.31027844548225403,
            "2": 0.8286254405975342,
            "3": 0.8807644248008728
        }
    }
}