{
    "confidence_score": 0.6444183588027954,
    "ptm": 0.6771289110183716,
    "iptm": 0.9644573330879211,
    "ligand_iptm": 0.9644573330879211,
    "protein_iptm": 0.0,
    "complex_plddt": 0.5644086003303528,
    "complex_iplddt": 0.6700066328048706,
    "complex_pde": 2.378328323364258,
    "complex_ipde": 1.1453925371170044,
    "chains_ptm": {
        "0": 0.6581751108169556,
        "1": 0.8818812966346741
    },
    "pair_chains_iptm": {
        "0": {
            "0": 0.6581751108169556,
            "1": 0.45211780071258545
        },
        "1": {
            "0": 0.9644573330879211,
            "1": 0.8818812966346741
        }
    }
}