{
    "confidence_score": 0.7777485847473145,
    "ptm": 0.5582888722419739,
    "iptm": 0.3835766017436981,
    "ligand_iptm": 0.0,
    "protein_iptm": 0.3835766017436981,
    "complex_plddt": 0.8762915730476379,
    "complex_iplddt": 0.8502570986747742,
    "complex_pde": 0.7848901152610779,
    "complex_ipde": 9.555047035217285,
    "chains_ptm": {
        "0": 0.9010312557220459,
        "1": 0.898628830909729,
        "2": 0.883965253829956,
        "3": 0.8485998511314392
    },
    "pair_chains_iptm": {
        "0": {
            "0": 0.9010312557220459,
            "1": 0.5162005424499512,
            "2": 0.22214548289775848,
            "3": 0.21942366659641266
        },
        "1": {
            "0": 0.5133130550384521,
            "1": 0.898628830909729,
            "2": 0.20090052485466003,
            "3": 0.19416594505310059
        },
        "2": {
            "0": 0.2014213502407074,
            "1": 0.19412972033023834,
            "2": 0.883965253829956,
            "3": 0.8181979060173035
        },
        "3": {
            "0": 0.20322254300117493,
            "1": 0.19525998830795288,
            "2": 0.7843668460845947,
            "3": 0.8485998511314392
        }
    }
}