{
    "confidence_score": 0.6383110284805298,
    "ptm": 0.690791666507721,
    "iptm": 0.9617958068847656,
    "ligand_iptm": 0.9617958068847656,
    "protein_iptm": 0.0,
    "complex_plddt": 0.5574398040771484,
    "complex_iplddt": 0.6705961227416992,
    "complex_pde": 2.3471944332122803,
    "complex_ipde": 1.3466036319732666,
    "chains_ptm": {
        "0": 0.673066258430481,
        "1": 0.9035820960998535
    },
    "pair_chains_iptm": {
        "0": {
            "0": 0.673066258430481,
            "1": 0.5114394426345825
        },
        "1": {
            "0": 0.9617958068847656,
            "1": 0.9035820960998535
        }
    }
}