{
    "confidence_score": 0.806696355342865,
    "ptm": 0.6405850052833557,
    "iptm": 0.5463278293609619,
    "ligand_iptm": 0.0,
    "protein_iptm": 0.5463278293609619,
    "complex_plddt": 0.8717884421348572,
    "complex_iplddt": 0.8268584609031677,
    "complex_pde": 0.6207222938537598,
    "complex_ipde": 5.92543888092041,
    "chains_ptm": {
        "0": 0.9201642274856567,
        "1": 0.9133893251419067,
        "2": 0.9069728255271912,
        "3": 0.8903709650039673
    },
    "pair_chains_iptm": {
        "0": {
            "0": 0.9201642274856567,
            "1": 0.7546573281288147,
            "2": 0.30462145805358887,
            "3": 0.3066415786743164
        },
        "1": {
            "0": 0.7592228651046753,
            "1": 0.9133893251419067,
            "2": 0.27018457651138306,
            "3": 0.27194857597351074
        },
        "2": {
            "0": 0.30714407563209534,
            "1": 0.27985119819641113,
            "2": 0.9069728255271912,
            "3": 0.8502320647239685
        },
        "3": {
            "0": 0.3069676160812378,
            "1": 0.29117804765701294,
            "2": 0.8327093124389648,
            "3": 0.8903709650039673
        }
    }
}