{
    "confidence_score": 0.7807306051254272,
    "ptm": 0.5975795984268188,
    "iptm": 0.44563648104667664,
    "ligand_iptm": 0.0,
    "protein_iptm": 0.44563648104667664,
    "complex_plddt": 0.8645040988922119,
    "complex_iplddt": 0.8178897500038147,
    "complex_pde": 0.6565434336662292,
    "complex_ipde": 6.728883743286133,
    "chains_ptm": {
        "0": 0.9187702536582947,
        "1": 0.9112505316734314,
        "2": 0.9131783246994019,
        "3": 0.897075355052948
    },
    "pair_chains_iptm": {
        "0": {
            "0": 0.9187702536582947,
            "1": 0.549365758895874,
            "2": 0.37447965145111084,
            "3": 0.3711535334587097
        },
        "1": {
            "0": 0.5572493672370911,
            "1": 0.9112505316734314,
            "2": 0.31565895676612854,
            "3": 0.3249776363372803
        },
        "2": {
            "0": 0.3770293891429901,
            "1": 0.3211429715156555,
            "2": 0.9131783246994019,
            "3": 0.8614607453346252
        },
        "3": {
            "0": 0.3861204981803894,
            "1": 0.3398430645465851,
            "2": 0.851927638053894,
            "3": 0.897075355052948
        }
    }
}