{
    "confidence_score": 0.8149720430374146,
    "ptm": 0.6303551197052002,
    "iptm": 0.5259202122688293,
    "ligand_iptm": 0.0,
    "protein_iptm": 0.5259202122688293,
    "complex_plddt": 0.8872349858283997,
    "complex_iplddt": 0.8678483963012695,
    "complex_pde": 0.6997706294059753,
    "complex_ipde": 7.599958896636963,
    "chains_ptm": {
        "0": 0.904438316822052,
        "1": 0.9020328521728516,
        "2": 0.8893809914588928,
        "3": 0.8648493885993958
    },
    "pair_chains_iptm": {
        "0": {
            "0": 0.904438316822052,
            "1": 0.7183886170387268,
            "2": 0.32679155468940735,
            "3": 0.31975093483924866
        },
        "1": {
            "0": 0.7062997817993164,
            "1": 0.9020328521728516,
            "2": 0.24650844931602478,
            "3": 0.23776863515377045
        },
        "2": {
            "0": 0.28555238246917725,
            "1": 0.2456563264131546,
            "2": 0.8893809914588928,
            "3": 0.8298811316490173
        },
        "3": {
            "0": 0.28788280487060547,
            "1": 0.24902348220348358,
            "2": 0.8055897951126099,
            "3": 0.8648493885993958
        }
    }
}