{
    "confidence_score": 0.84993976354599,
    "ptm": 0.7639442086219788,
    "iptm": 0.6987680792808533,
    "ligand_iptm": 0.0,
    "protein_iptm": 0.6987680792808533,
    "complex_plddt": 0.8877326250076294,
    "complex_iplddt": 0.8007507920265198,
    "complex_pde": 0.5529507398605347,
    "complex_ipde": 6.241923809051514,
    "chains_ptm": {
        "0": 0.9135924577713013,
        "1": 0.9127325415611267
    },
    "pair_chains_iptm": {
        "0": {
            "0": 0.9135924577713013,
            "1": 0.6885738372802734
        },
        "1": {
            "0": 0.6987680792808533,
            "1": 0.9127325415611267
        }
    }
}