{
    "confidence_score": 0.8606409430503845,
    "ptm": 0.7835589647293091,
    "iptm": 0.7523354887962341,
    "ligand_iptm": 0.0,
    "protein_iptm": 0.7523354887962341,
    "complex_plddt": 0.8877172470092773,
    "complex_iplddt": 0.8056840896606445,
    "complex_pde": 0.5573039054870605,
    "complex_ipde": 6.0980753898620605,
    "chains_ptm": {
        "0": 0.9098067283630371,
        "1": 0.9110218286514282
    },
    "pair_chains_iptm": {
        "0": {
            "0": 0.9098067283630371,
            "1": 0.7515652179718018
        },
        "1": {
            "0": 0.7523354887962341,
            "1": 0.9110218286514282
        }
    }
}