{
    "confidence_score": 0.6381832957267761,
    "ptm": 0.684420108795166,
    "iptm": 0.9632431864738464,
    "ligand_iptm": 0.9632431864738464,
    "protein_iptm": 0.0,
    "complex_plddt": 0.5569182634353638,
    "complex_iplddt": 0.675386369228363,
    "complex_pde": 2.4652013778686523,
    "complex_ipde": 1.2960572242736816,
    "chains_ptm": {
        "0": 0.6657087802886963,
        "1": 0.9002389311790466
    },
    "pair_chains_iptm": {
        "0": {
            "0": 0.6657087802886963,
            "1": 0.4957735538482666
        },
        "1": {
            "0": 0.9632431864738464,
            "1": 0.9002389311790466
        }
    }
}