{
    "confidence_score": 0.8059620261192322,
    "ptm": 0.6214132308959961,
    "iptm": 0.4812434911727905,
    "ligand_iptm": 0.0,
    "protein_iptm": 0.4812434911727905,
    "complex_plddt": 0.8871415853500366,
    "complex_iplddt": 0.8663730025291443,
    "complex_pde": 0.6874955892562866,
    "complex_ipde": 7.599620819091797,
    "chains_ptm": {
        "0": 0.9082232713699341,
        "1": 0.9048750996589661,
        "2": 0.8911959528923035,
        "3": 0.8727500438690186
    },
    "pair_chains_iptm": {
        "0": {
            "0": 0.9082232713699341,
            "1": 0.6228705644607544,
            "2": 0.2600802183151245,
            "3": 0.2563949525356293
        },
        "1": {
            "0": 0.6294543147087097,
            "1": 0.9048750996589661,
            "2": 0.35533687472343445,
            "3": 0.3402189016342163
        },
        "2": {
            "0": 0.25083157420158386,
            "1": 0.3162347674369812,
            "2": 0.8911959528923035,
            "3": 0.8312140703201294
        },
        "3": {
            "0": 0.2544931173324585,
            "1": 0.31595081090927124,
            "2": 0.8150787949562073,
            "3": 0.8727500438690186
        }
    }
}