{
    "confidence_score": 0.8062023520469666,
    "ptm": 0.6333557963371277,
    "iptm": 0.5313862562179565,
    "ligand_iptm": 0.0,
    "protein_iptm": 0.5313862562179565,
    "complex_plddt": 0.8749063014984131,
    "complex_iplddt": 0.8253411650657654,
    "complex_pde": 0.6410350203514099,
    "complex_ipde": 6.414618968963623,
    "chains_ptm": {
        "0": 0.923058807849884,
        "1": 0.9127302169799805,
        "2": 0.8910099864006042,
        "3": 0.8665385842323303
    },
    "pair_chains_iptm": {
        "0": {
            "0": 0.923058807849884,
            "1": 0.7636834979057312,
            "2": 0.24408286809921265,
            "3": 0.24637919664382935
        },
        "1": {
            "0": 0.7587709426879883,
            "1": 0.9127302169799805,
            "2": 0.20542237162590027,
            "3": 0.194157212972641
        },
        "2": {
            "0": 0.23882922530174255,
            "1": 0.203801691532135,
            "2": 0.8910099864006042,
            "3": 0.8290523886680603
        },
        "3": {
            "0": 0.22898149490356445,
            "1": 0.20293618738651276,
            "2": 0.8008850812911987,
            "3": 0.8665385842323303
        }
    }
}