{
    "confidence_score": 0.6469220519065857,
    "ptm": 0.6567580103874207,
    "iptm": 0.9644476175308228,
    "ligand_iptm": 0.9644476175308228,
    "protein_iptm": 0.0,
    "complex_plddt": 0.5675405859947205,
    "complex_iplddt": 0.684859037399292,
    "complex_pde": 2.46333909034729,
    "complex_ipde": 1.1724305152893066,
    "chains_ptm": {
        "0": 0.6364173889160156,
        "1": 0.8885239958763123
    },
    "pair_chains_iptm": {
        "0": {
            "0": 0.6364173889160156,
            "1": 0.45572906732559204
        },
        "1": {
            "0": 0.9644476175308228,
            "1": 0.8885239958763123
        }
    }
}