{
    "confidence_score": 0.6419296860694885,
    "ptm": 0.7312617897987366,
    "iptm": 0.9637195467948914,
    "ligand_iptm": 0.9637195467948914,
    "protein_iptm": 0.0,
    "complex_plddt": 0.5614821910858154,
    "complex_iplddt": 0.6763066649436951,
    "complex_pde": 2.122741460800171,
    "complex_ipde": 1.1069468259811401,
    "chains_ptm": {
        "0": 0.7162678241729736,
        "1": 0.8784177899360657
    },
    "pair_chains_iptm": {
        "0": {
            "0": 0.7162678241729736,
            "1": 0.4735012948513031
        },
        "1": {
            "0": 0.9637195467948914,
            "1": 0.8784177899360657
        }
    }
}