{
    "confidence_score": 0.6338408589363098,
    "ptm": 0.6583573818206787,
    "iptm": 0.9544349908828735,
    "ligand_iptm": 0.9544349908828735,
    "protein_iptm": 0.0,
    "complex_plddt": 0.5536922812461853,
    "complex_iplddt": 0.6487404704093933,
    "complex_pde": 2.5892276763916016,
    "complex_ipde": 1.5222952365875244,
    "chains_ptm": {
        "0": 0.6390094757080078,
        "1": 0.8832228183746338
    },
    "pair_chains_iptm": {
        "0": {
            "0": 0.6390094757080078,
            "1": 0.45505133271217346
        },
        "1": {
            "0": 0.9544349908828735,
            "1": 0.8832228183746338
        }
    }
}