{
    "confidence_score": 0.6344956755638123,
    "ptm": 0.7067930102348328,
    "iptm": 0.963779866695404,
    "ligand_iptm": 0.963779866695404,
    "protein_iptm": 0.0,
    "complex_plddt": 0.5521745681762695,
    "complex_iplddt": 0.6543089151382446,
    "complex_pde": 2.262967109680176,
    "complex_ipde": 1.1170591115951538,
    "chains_ptm": {
        "0": 0.6899958252906799,
        "1": 0.8936570286750793
    },
    "pair_chains_iptm": {
        "0": {
            "0": 0.6899958252906799,
            "1": 0.4854954183101654
        },
        "1": {
            "0": 0.963779866695404,
            "1": 0.8936570286750793
        }
    }
}