{
    "confidence_score": 0.8195487260818481,
    "ptm": 0.6619189977645874,
    "iptm": 0.5401503443717957,
    "ligand_iptm": 0.0,
    "protein_iptm": 0.5401503443717957,
    "complex_plddt": 0.8893982768058777,
    "complex_iplddt": 0.8670470714569092,
    "complex_pde": 0.6565154194831848,
    "complex_ipde": 6.971125602722168,
    "chains_ptm": {
        "0": 0.9132901430130005,
        "1": 0.9111267924308777,
        "2": 0.896353542804718,
        "3": 0.8748807311058044
    },
    "pair_chains_iptm": {
        "0": {
            "0": 0.9132901430130005,
            "1": 0.6882590055465698,
            "2": 0.40716156363487244,
            "3": 0.3964720666408539
        },
        "1": {
            "0": 0.684681236743927,
            "1": 0.9111267924308777,
            "2": 0.3034995496273041,
            "3": 0.2971682846546173
        },
        "2": {
            "0": 0.3603129982948303,
            "1": 0.29522982239723206,
            "2": 0.896353542804718,
            "3": 0.8403578996658325
        },
        "3": {
            "0": 0.36764028668403625,
            "1": 0.3043971359729767,
            "2": 0.8192374110221863,
            "3": 0.8748807311058044
        }
    }
}