{
    "confidence_score": 0.7891197800636292,
    "ptm": 0.6135995388031006,
    "iptm": 0.46484804153442383,
    "ligand_iptm": 0.0,
    "protein_iptm": 0.46484804153442383,
    "complex_plddt": 0.8701876997947693,
    "complex_iplddt": 0.816430926322937,
    "complex_pde": 0.6664391160011292,
    "complex_ipde": 6.976446151733398,
    "chains_ptm": {
        "0": 0.9174859523773193,
        "1": 0.9069628715515137,
        "2": 0.8925842642784119,
        "3": 0.8759568929672241
    },
    "pair_chains_iptm": {
        "0": {
            "0": 0.9174859523773193,
            "1": 0.6177746653556824,
            "2": 0.30527612566947937,
            "3": 0.3042232096195221
        },
        "1": {
            "0": 0.624904453754425,
            "1": 0.9069628715515137,
            "2": 0.2488204389810562,
            "3": 0.24540922045707703
        },
        "2": {
            "0": 0.2902352809906006,
            "1": 0.24604927003383636,
            "2": 0.8925842642784119,
            "3": 0.8378959894180298
        },
        "3": {
            "0": 0.282470703125,
            "1": 0.2580012083053589,
            "2": 0.8127865791320801,
            "3": 0.8759568929672241
        }
    }
}