{
    "confidence_score": 0.8171812295913696,
    "ptm": 0.6488343477249146,
    "iptm": 0.542733907699585,
    "ligand_iptm": 0.0,
    "protein_iptm": 0.542733907699585,
    "complex_plddt": 0.8857929706573486,
    "complex_iplddt": 0.8594920635223389,
    "complex_pde": 0.6869044899940491,
    "complex_ipde": 7.355315208435059,
    "chains_ptm": {
        "0": 0.9072964191436768,
        "1": 0.9048227071762085,
        "2": 0.8920931816101074,
        "3": 0.8671189546585083
    },
    "pair_chains_iptm": {
        "0": {
            "0": 0.9072964191436768,
            "1": 0.7337164878845215,
            "2": 0.35724833607673645,
            "3": 0.3463101089000702
        },
        "1": {
            "0": 0.7361911535263062,
            "1": 0.9048227071762085,
            "2": 0.26848235726356506,
            "3": 0.25660672783851624
        },
        "2": {
            "0": 0.3004456162452698,
            "1": 0.2644141614437103,
            "2": 0.8920931816101074,
            "3": 0.8333051800727844
        },
        "3": {
            "0": 0.3058958649635315,
            "1": 0.26818639039993286,
            "2": 0.8118395805358887,
            "3": 0.8671189546585083
        }
    }
}