{
    "confidence_score": 0.7889521718025208,
    "ptm": 0.573671817779541,
    "iptm": 0.4001573324203491,
    "ligand_iptm": 0.0,
    "protein_iptm": 0.4001573324203491,
    "complex_plddt": 0.8861508369445801,
    "complex_iplddt": 0.8639188408851624,
    "complex_pde": 0.7638314962387085,
    "complex_ipde": 9.210565567016602,
    "chains_ptm": {
        "0": 0.9044643044471741,
        "1": 0.9016386866569519,
        "2": 0.8837337493896484,
        "3": 0.8598840236663818
    },
    "pair_chains_iptm": {
        "0": {
            "0": 0.9044643044471741,
            "1": 0.5069722533226013,
            "2": 0.3086546063423157,
            "3": 0.29918453097343445
        },
        "1": {
            "0": 0.5057377815246582,
            "1": 0.9016386866569519,
            "2": 0.2247416228055954,
            "3": 0.21713387966156006
        },
        "2": {
            "0": 0.2681106925010681,
            "1": 0.2170718014240265,
            "2": 0.8837337493896484,
            "3": 0.8228893280029297
        },
        "3": {
            "0": 0.2641454041004181,
            "1": 0.2197929471731186,
            "2": 0.798747718334198,
            "3": 0.8598840236663818
        }
    }
}