{
    "confidence_score": 0.7878314852714539,
    "ptm": 0.6569026112556458,
    "iptm": 0.46780234575271606,
    "ligand_iptm": 0.0,
    "protein_iptm": 0.46780234575271606,
    "complex_plddt": 0.8678387403488159,
    "complex_iplddt": 0.7983142137527466,
    "complex_pde": 0.7113102674484253,
    "complex_ipde": 13.16495418548584,
    "chains_ptm": {
        "0": 0.8933395743370056,
        "1": 0.8911840915679932
    },
    "pair_chains_iptm": {
        "0": {
            "0": 0.8933395743370056,
            "1": 0.4600115716457367
        },
        "1": {
            "0": 0.46780234575271606,
            "1": 0.8911840915679932
        }
    }
}