{
    "confidence_score": 0.8673491477966309,
    "ptm": 0.7900239825248718,
    "iptm": 0.7593565583229065,
    "ligand_iptm": 0.0,
    "protein_iptm": 0.7593565583229065,
    "complex_plddt": 0.8943472504615784,
    "complex_iplddt": 0.8206343054771423,
    "complex_pde": 0.5331777334213257,
    "complex_ipde": 4.908820629119873,
    "chains_ptm": {
        "0": 0.9112805128097534,
        "1": 0.9111960530281067
    },
    "pair_chains_iptm": {
        "0": {
            "0": 0.9112805128097534,
            "1": 0.7593565583229065
        },
        "1": {
            "0": 0.7587254643440247,
            "1": 0.9111960530281067
        }
    }
}