{
    "confidence_score": 0.6377995014190674,
    "ptm": 0.6414875984191895,
    "iptm": 0.9555459022521973,
    "ligand_iptm": 0.9555459022521973,
    "protein_iptm": 0.0,
    "complex_plddt": 0.5583629012107849,
    "complex_iplddt": 0.6599437594413757,
    "complex_pde": 2.6394524574279785,
    "complex_ipde": 1.5617085695266724,
    "chains_ptm": {
        "0": 0.6210035681724548,
        "1": 0.8776137828826904
    },
    "pair_chains_iptm": {
        "0": {
            "0": 0.6210035681724548,
            "1": 0.45074862241744995
        },
        "1": {
            "0": 0.9555459022521973,
            "1": 0.8776137828826904
        }
    }
}