{
    "confidence_score": 0.899360179901123,
    "ptm": 0.8821831941604614,
    "iptm": 0.0,
    "ligand_iptm": 0.0,
    "protein_iptm": 0.0,
    "complex_plddt": 0.9036544561386108,
    "complex_iplddt": 0.9036544561386108,
    "complex_pde": 0.44307681918144226,
    "complex_ipde": 0.0,
    "chains_ptm": {
        "0": 0.8821831941604614
    },
    "pair_chains_iptm": {
        "0": {
            "0": 0.8821831941604614
        }
    }
}