{
    "confidence_score": 0.817005455493927,
    "ptm": 0.6480318307876587,
    "iptm": 0.5327783226966858,
    "ligand_iptm": 0.0,
    "protein_iptm": 0.5327783226966858,
    "complex_plddt": 0.8880621790885925,
    "complex_iplddt": 0.8687597513198853,
    "complex_pde": 0.6799049377441406,
    "complex_ipde": 7.232518196105957,
    "chains_ptm": {
        "0": 0.9038056135177612,
        "1": 0.9049488306045532,
        "2": 0.8912037014961243,
        "3": 0.8688040375709534
    },
    "pair_chains_iptm": {
        "0": {
            "0": 0.9038056135177612,
            "1": 0.7158564925193787,
            "2": 0.37003999948501587,
            "3": 0.3590713441371918
        },
        "1": {
            "0": 0.7195923328399658,
            "1": 0.9049488306045532,
            "2": 0.2723894715309143,
            "3": 0.26028192043304443
        },
        "2": {
            "0": 0.32380396127700806,
            "1": 0.266305536031723,
            "2": 0.8912037014961243,
            "3": 0.8343120217323303
        },
        "3": {
            "0": 0.32608556747436523,
            "1": 0.26961180567741394,
            "2": 0.8115755915641785,
            "3": 0.8688040375709534
        }
    }
}