{
    "confidence_score": 0.8323691487312317,
    "ptm": 0.852228045463562,
    "iptm": 0.6736233830451965,
    "ligand_iptm": 0.6736233830451965,
    "protein_iptm": 0.0,
    "complex_plddt": 0.8720555901527405,
    "complex_iplddt": 0.5471839308738708,
    "complex_pde": 0.8037039637565613,
    "complex_ipde": 5.989511489868164,
    "chains_ptm": {
        "0": 0.8679514527320862,
        "1": 0.8136338591575623
    },
    "pair_chains_iptm": {
        "0": {
            "0": 0.8679514527320862,
            "1": 0.21159665286540985
        },
        "1": {
            "0": 0.6736233830451965,
            "1": 0.8136338591575623
        }
    }
}