{
    "confidence_score": 0.7995379567146301,
    "ptm": 0.6079318523406982,
    "iptm": 0.45687025785446167,
    "ligand_iptm": 0.0,
    "protein_iptm": 0.45687025785446167,
    "complex_plddt": 0.8852048516273499,
    "complex_iplddt": 0.8629103899002075,
    "complex_pde": 0.7159162163734436,
    "complex_ipde": 8.187868118286133,
    "chains_ptm": {
        "0": 0.9036304354667664,
        "1": 0.9025653600692749,
        "2": 0.8869592547416687,
        "3": 0.8656768202781677
    },
    "pair_chains_iptm": {
        "0": {
            "0": 0.9036304354667664,
            "1": 0.5794680118560791,
            "2": 0.36025699973106384,
            "3": 0.34988707304000854
        },
        "1": {
            "0": 0.5787718892097473,
            "1": 0.9025653600692749,
            "2": 0.2595568001270294,
            "3": 0.24875305593013763
        },
        "2": {
            "0": 0.3081103563308716,
            "1": 0.24721334874629974,
            "2": 0.8869592547416687,
            "3": 0.8259807229042053
        },
        "3": {
            "0": 0.30682605504989624,
            "1": 0.25083237886428833,
            "2": 0.8080583810806274,
            "3": 0.8656768202781677
        }
    }
}