{
    "confidence_score": 0.8902490735054016,
    "ptm": 0.8668895959854126,
    "iptm": 0.0,
    "ligand_iptm": 0.0,
    "protein_iptm": 0.0,
    "complex_plddt": 0.8960889577865601,
    "complex_iplddt": 0.8960889577865601,
    "complex_pde": 0.471097469329834,
    "complex_ipde": 0.0,
    "chains_ptm": {
        "0": 0.8668895959854126
    },
    "pair_chains_iptm": {
        "0": {
            "0": 0.8668895959854126
        }
    }
}