{
    "confidence_score": 0.7972292900085449,
    "ptm": 0.6353201270103455,
    "iptm": 0.4361489415168762,
    "ligand_iptm": 0.0,
    "protein_iptm": 0.4361489415168762,
    "complex_plddt": 0.8874993920326233,
    "complex_iplddt": 0.877759575843811,
    "complex_pde": 0.6222169995307922,
    "complex_ipde": 5.849909782409668,
    "chains_ptm": {
        "0": 0.901153028011322,
        "1": 0.892713189125061,
        "2": 0.8690251708030701
    },
    "pair_chains_iptm": {
        "0": {
            "0": 0.901153028011322,
            "1": 0.30250784754753113,
            "2": 0.30205437541007996
        },
        "1": {
            "0": 0.292610228061676,
            "1": 0.892713189125061,
            "2": 0.8601065278053284
        },
        "2": {
            "0": 0.2796156108379364,
            "1": 0.8251237273216248,
            "2": 0.8690251708030701
        }
    }
}