{
    "confidence_score": 0.532829225063324,
    "ptm": 0.5629543662071228,
    "iptm": 0.0,
    "ligand_iptm": 0.0,
    "protein_iptm": 0.0,
    "complex_plddt": 0.5252979397773743,
    "complex_iplddt": 0.5252979397773743,
    "complex_pde": 3.4169304370880127,
    "complex_ipde": 0.0,
    "chains_ptm": {
        "0": 0.5629543662071228
    },
    "pair_chains_iptm": {
        "0": {
            "0": 0.5629543662071228
        }
    }
}