{
    "confidence_score": 0.8159250617027283,
    "ptm": 0.6489096283912659,
    "iptm": 0.5535213947296143,
    "ligand_iptm": 0.0,
    "protein_iptm": 0.5535213947296143,
    "complex_plddt": 0.881525993347168,
    "complex_iplddt": 0.8391772508621216,
    "complex_pde": 0.6790369749069214,
    "complex_ipde": 7.476378917694092,
    "chains_ptm": {
        "0": 0.9096424579620361,
        "1": 0.907740592956543,
        "2": 0.8940334320068359,
        "3": 0.8746150135993958
    },
    "pair_chains_iptm": {
        "0": {
            "0": 0.9096424579620361,
            "1": 0.7634875178337097,
            "2": 0.31399568915367126,
            "3": 0.30556249618530273
        },
        "1": {
            "0": 0.7656554579734802,
            "1": 0.907740592956543,
            "2": 0.2432338446378708,
            "3": 0.23531273007392883
        },
        "2": {
            "0": 0.269276887178421,
            "1": 0.24957256019115448,
            "2": 0.8940334320068359,
            "3": 0.8365818858146667
        },
        "3": {
            "0": 0.2686939835548401,
            "1": 0.24972164630889893,
            "2": 0.8187645673751831,
            "3": 0.8746150135993958
        }
    }
}