{
    "confidence_score": 0.5302600264549255,
    "ptm": 0.5608735084533691,
    "iptm": 0.0,
    "ligand_iptm": 0.0,
    "protein_iptm": 0.0,
    "complex_plddt": 0.5226066708564758,
    "complex_iplddt": 0.5226066708564758,
    "complex_pde": 3.5590150356292725,
    "complex_ipde": 0.0,
    "chains_ptm": {
        "0": 0.5608735084533691
    },
    "pair_chains_iptm": {
        "0": {
            "0": 0.5608735084533691
        }
    }
}