{
    "confidence_score": 0.796022891998291,
    "ptm": 0.6160057187080383,
    "iptm": 0.39126425981521606,
    "ligand_iptm": 0.0,
    "protein_iptm": 0.39126425981521606,
    "complex_plddt": 0.897212564945221,
    "complex_iplddt": 0.8856483697891235,
    "complex_pde": 0.6592697501182556,
    "complex_ipde": 7.0796427726745605,
    "chains_ptm": {
        "0": 0.9017819762229919,
        "1": 0.891998291015625,
        "2": 0.8586302995681763
    },
    "pair_chains_iptm": {
        "0": {
            "0": 0.9017819762229919,
            "1": 0.2538430988788605,
            "2": 0.24622365832328796
        },
        "1": {
            "0": 0.23548458516597748,
            "1": 0.891998291015625,
            "2": 0.8400381803512573
        },
        "2": {
            "0": 0.23684623837471008,
            "1": 0.7900626063346863,
            "2": 0.8586302995681763
        }
    }
}