{
    "confidence_score": 0.8532838225364685,
    "ptm": 0.7465243339538574,
    "iptm": 0.6479259729385376,
    "ligand_iptm": 0.0,
    "protein_iptm": 0.6479259729385376,
    "complex_plddt": 0.90462327003479,
    "complex_iplddt": 0.8905419707298279,
    "complex_pde": 0.49068957567214966,
    "complex_ipde": 3.165849447250366,
    "chains_ptm": {
        "0": 0.9227017164230347,
        "1": 0.9163624048233032,
        "2": 0.9047716856002808
    },
    "pair_chains_iptm": {
        "0": {
            "0": 0.9227017164230347,
            "1": 0.5479834675788879,
            "2": 0.5725312829017639
        },
        "1": {
            "0": 0.6006245613098145,
            "1": 0.9163624048233032,
            "2": 0.8924104571342468
        },
        "2": {
            "0": 0.6141339540481567,
            "1": 0.8752257823944092,
            "2": 0.9047716856002808
        }
    }
}