{
    "confidence_score": 0.642042875289917,
    "ptm": 0.6424438953399658,
    "iptm": 0.9545588493347168,
    "ligand_iptm": 0.9545588493347168,
    "protein_iptm": 0.0,
    "complex_plddt": 0.563913881778717,
    "complex_iplddt": 0.6754909753799438,
    "complex_pde": 2.6515495777130127,
    "complex_ipde": 1.5201786756515503,
    "chains_ptm": {
        "0": 0.6216248869895935,
        "1": 0.8795885443687439
    },
    "pair_chains_iptm": {
        "0": {
            "0": 0.6216248869895935,
            "1": 0.4518042206764221
        },
        "1": {
            "0": 0.9545588493347168,
            "1": 0.8795885443687439
        }
    }
}