{
    "confidence_score": 0.8425155878067017,
    "ptm": 0.760766863822937,
    "iptm": 0.7058721780776978,
    "ligand_iptm": 0.0,
    "protein_iptm": 0.7058721780776978,
    "complex_plddt": 0.8766763806343079,
    "complex_iplddt": 0.8178592324256897,
    "complex_pde": 0.5843430161476135,
    "complex_ipde": 7.782447338104248,
    "chains_ptm": {
        "0": 0.9005672335624695,
        "1": 0.9016037583351135
    },
    "pair_chains_iptm": {
        "0": {
            "0": 0.9005672335624695,
            "1": 0.7058721780776978
        },
        "1": {
            "0": 0.6980546116828918,
            "1": 0.9016037583351135
        }
    }
}