{
    "confidence_score": 0.801091194152832,
    "ptm": 0.8527531623840332,
    "iptm": 0.5574364066123962,
    "ligand_iptm": 0.5574364066123962,
    "protein_iptm": 0.0,
    "complex_plddt": 0.8620048761367798,
    "complex_iplddt": 0.523949384689331,
    "complex_pde": 0.8887666463851929,
    "complex_ipde": 7.66330623626709,
    "chains_ptm": {
        "0": 0.8752797245979309,
        "1": 0.8178034424781799
    },
    "pair_chains_iptm": {
        "0": {
            "0": 0.8752797245979309,
            "1": 0.1682576686143875
        },
        "1": {
            "0": 0.5574364066123962,
            "1": 0.8178034424781799
        }
    }
}