{
    "confidence_score": 0.529971718788147,
    "ptm": 0.5649110078811646,
    "iptm": 0.0,
    "ligand_iptm": 0.0,
    "protein_iptm": 0.0,
    "complex_plddt": 0.5212368965148926,
    "complex_iplddt": 0.5212368965148926,
    "complex_pde": 3.432500123977661,
    "complex_ipde": 0.0,
    "chains_ptm": {
        "0": 0.5649110078811646
    },
    "pair_chains_iptm": {
        "0": {
            "0": 0.5649110078811646
        }
    }
}