{
    "confidence_score": 0.7968173027038574,
    "ptm": 0.6129055619239807,
    "iptm": 0.48042404651641846,
    "ligand_iptm": 0.0,
    "protein_iptm": 0.48042404651641846,
    "complex_plddt": 0.8759156465530396,
    "complex_iplddt": 0.8546714186668396,
    "complex_pde": 0.7051783800125122,
    "complex_ipde": 7.92417573928833,
    "chains_ptm": {
        "0": 0.9195848703384399,
        "1": 0.9109011888504028,
        "2": 0.8852564692497253,
        "3": 0.8629509210586548
    },
    "pair_chains_iptm": {
        "0": {
            "0": 0.9195848703384399,
            "1": 0.6792360544204712,
            "2": 0.2542499899864197,
            "3": 0.25363510847091675
        },
        "1": {
            "0": 0.6756073236465454,
            "1": 0.9109011888504028,
            "2": 0.20719614624977112,
            "3": 0.1959485113620758
        },
        "2": {
            "0": 0.2478889524936676,
            "1": 0.2040955275297165,
            "2": 0.8852564692497253,
            "3": 0.8251651525497437
        },
        "3": {
            "0": 0.23876886069774628,
            "1": 0.20457540452480316,
            "2": 0.7983983755111694,
            "3": 0.8629509210586548
        }
    }
}