{
    "confidence_score": 0.6400386095046997,
    "ptm": 0.6653338074684143,
    "iptm": 0.9603142142295837,
    "ligand_iptm": 0.9603142142295837,
    "protein_iptm": 0.0,
    "complex_plddt": 0.5599696636199951,
    "complex_iplddt": 0.6585633754730225,
    "complex_pde": 2.4995996952056885,
    "complex_ipde": 1.4163907766342163,
    "chains_ptm": {
        "0": 0.645999550819397,
        "1": 0.8952100872993469
    },
    "pair_chains_iptm": {
        "0": {
            "0": 0.645999550819397,
            "1": 0.4751400053501129
        },
        "1": {
            "0": 0.9603142142295837,
            "1": 0.8952100872993469
        }
    }
}