{
    "confidence_score": 0.8157299160957336,
    "ptm": 0.636528491973877,
    "iptm": 0.4408610761165619,
    "ligand_iptm": 0.0,
    "protein_iptm": 0.4408610761165619,
    "complex_plddt": 0.9094470739364624,
    "complex_iplddt": 0.901391327381134,
    "complex_pde": 0.6518764495849609,
    "complex_ipde": 6.753955841064453,
    "chains_ptm": {
        "0": 0.904774010181427,
        "1": 0.8816256523132324,
        "2": 0.853441059589386
    },
    "pair_chains_iptm": {
        "0": {
            "0": 0.904774010181427,
            "1": 0.3208707273006439,
            "2": 0.3035052418708801
        },
        "1": {
            "0": 0.28464800119400024,
            "1": 0.8816256523132324,
            "2": 0.8411983251571655
        },
        "2": {
            "0": 0.27020710706710815,
            "1": 0.7919492721557617,
            "2": 0.853441059589386
        }
    }
}