{
    "confidence_score": 0.5162388682365417,
    "ptm": 0.5552980899810791,
    "iptm": 0.0,
    "ligand_iptm": 0.0,
    "protein_iptm": 0.0,
    "complex_plddt": 0.5064740180969238,
    "complex_iplddt": 0.5064740180969238,
    "complex_pde": 3.349937677383423,
    "complex_ipde": 0.0,
    "chains_ptm": {
        "0": 0.5552980899810791
    },
    "pair_chains_iptm": {
        "0": {
            "0": 0.5552980899810791
        }
    }
}