{
    "confidence_score": 0.5300424695014954,
    "ptm": 0.5705966949462891,
    "iptm": 0.0,
    "ligand_iptm": 0.0,
    "protein_iptm": 0.0,
    "complex_plddt": 0.5199038982391357,
    "complex_iplddt": 0.5199038982391357,
    "complex_pde": 3.4390721321105957,
    "complex_ipde": 0.0,
    "chains_ptm": {
        "0": 0.5705966949462891
    },
    "pair_chains_iptm": {
        "0": {
            "0": 0.5705966949462891
        }
    }
}