{
    "confidence_score": 0.8937374353408813,
    "ptm": 0.8715416193008423,
    "iptm": 0.0,
    "ligand_iptm": 0.0,
    "protein_iptm": 0.0,
    "complex_plddt": 0.8992863893508911,
    "complex_iplddt": 0.8992863893508911,
    "complex_pde": 0.43017348647117615,
    "complex_ipde": 0.0,
    "chains_ptm": {
        "0": 0.8715416193008423
    },
    "pair_chains_iptm": {
        "0": {
            "0": 0.8715416193008423
        }
    }
}