{
    "confidence_score": 0.8939750790596008,
    "ptm": 0.8741554021835327,
    "iptm": 0.0,
    "ligand_iptm": 0.0,
    "protein_iptm": 0.0,
    "complex_plddt": 0.898930013179779,
    "complex_iplddt": 0.898930013179779,
    "complex_pde": 0.4455881118774414,
    "complex_ipde": 0.0,
    "chains_ptm": {
        "0": 0.8741554021835327
    },
    "pair_chains_iptm": {
        "0": {
            "0": 0.8741554021835327
        }
    }
}