{
    "confidence_score": 0.8513237237930298,
    "ptm": 0.7762295603752136,
    "iptm": 0.7444801330566406,
    "ligand_iptm": 0.0,
    "protein_iptm": 0.7444801330566406,
    "complex_plddt": 0.8780346512794495,
    "complex_iplddt": 0.8212609887123108,
    "complex_pde": 0.554908275604248,
    "complex_ipde": 6.62744140625,
    "chains_ptm": {
        "0": 0.9068699479103088,
        "1": 0.9063950777053833
    },
    "pair_chains_iptm": {
        "0": {
            "0": 0.9068699479103088,
            "1": 0.7374449372291565
        },
        "1": {
            "0": 0.7444801330566406,
            "1": 0.9063950777053833
        }
    }
}