{
    "confidence_score": 0.7972443699836731,
    "ptm": 0.6138024926185608,
    "iptm": 0.3921874463558197,
    "ligand_iptm": 0.0,
    "protein_iptm": 0.3921874463558197,
    "complex_plddt": 0.898508608341217,
    "complex_iplddt": 0.8859699964523315,
    "complex_pde": 0.6406386494636536,
    "complex_ipde": 6.8019890785217285,
    "chains_ptm": {
        "0": 0.9052147269248962,
        "1": 0.8982526063919067,
        "2": 0.8679516315460205
    },
    "pair_chains_iptm": {
        "0": {
            "0": 0.9052147269248962,
            "1": 0.24783192574977875,
            "2": 0.23630444705486298
        },
        "1": {
            "0": 0.2258988618850708,
            "1": 0.8982526063919067,
            "2": 0.8509737849235535
        },
        "2": {
            "0": 0.2234933078289032,
            "1": 0.8141140937805176,
            "2": 0.8679516315460205
        }
    }
}