{
    "confidence_score": 0.8206468820571899,
    "ptm": 0.6844654679298401,
    "iptm": 0.5328419804573059,
    "ligand_iptm": 0.0,
    "protein_iptm": 0.5328419804573059,
    "complex_plddt": 0.892598032951355,
    "complex_iplddt": 0.8709819912910461,
    "complex_pde": 0.5876043438911438,
    "complex_ipde": 5.010836601257324,
    "chains_ptm": {
        "0": 0.9110401272773743,
        "1": 0.9040771126747131,
        "2": 0.8843078017234802
    },
    "pair_chains_iptm": {
        "0": {
            "0": 0.9110401272773743,
            "1": 0.4208779036998749,
            "2": 0.40882599353790283
        },
        "1": {
            "0": 0.41240617632865906,
            "1": 0.9040771126747131,
            "2": 0.8739223480224609
        },
        "2": {
            "0": 0.4037138521671295,
            "1": 0.846811056137085,
            "2": 0.8843078017234802
        }
    }
}