{
    "confidence_score": 0.6344512104988098,
    "ptm": 0.6849165558815002,
    "iptm": 0.9632193446159363,
    "ligand_iptm": 0.9632193446159363,
    "protein_iptm": 0.0,
    "complex_plddt": 0.5522591471672058,
    "complex_iplddt": 0.6762655973434448,
    "complex_pde": 2.4566543102264404,
    "complex_ipde": 1.138918161392212,
    "chains_ptm": {
        "0": 0.6667797565460205,
        "1": 0.8890313506126404
    },
    "pair_chains_iptm": {
        "0": {
            "0": 0.6667797565460205,
            "1": 0.4739656150341034
        },
        "1": {
            "0": 0.9632193446159363,
            "1": 0.8890313506126404
        }
    }
}