{
    "confidence_score": 0.5260347723960876,
    "ptm": 0.5616205334663391,
    "iptm": 0.0,
    "ligand_iptm": 0.0,
    "protein_iptm": 0.0,
    "complex_plddt": 0.5171383023262024,
    "complex_iplddt": 0.5171383023262024,
    "complex_pde": 3.464038610458374,
    "complex_ipde": 0.0,
    "chains_ptm": {
        "0": 0.5616205334663391
    },
    "pair_chains_iptm": {
        "0": {
            "0": 0.5616205334663391
        }
    }
}