{
    "confidence_score": 0.894523561000824,
    "ptm": 0.8708561062812805,
    "iptm": 0.0,
    "ligand_iptm": 0.0,
    "protein_iptm": 0.0,
    "complex_plddt": 0.9004403352737427,
    "complex_iplddt": 0.9004403352737427,
    "complex_pde": 0.44555115699768066,
    "complex_ipde": 0.0,
    "chains_ptm": {
        "0": 0.8708561062812805
    },
    "pair_chains_iptm": {
        "0": {
            "0": 0.8708561062812805
        }
    }
}