{
    "confidence_score": 0.7826625108718872,
    "ptm": 0.5866576433181763,
    "iptm": 0.41950523853302,
    "ligand_iptm": 0.0,
    "protein_iptm": 0.41950523853302,
    "complex_plddt": 0.8734517693519592,
    "complex_iplddt": 0.8244564533233643,
    "complex_pde": 0.7286691069602966,
    "complex_ipde": 7.918818950653076,
    "chains_ptm": {
        "0": 0.9011056423187256,
        "1": 0.8961192965507507,
        "2": 0.9013325572013855,
        "3": 0.8721538186073303
    },
    "pair_chains_iptm": {
        "0": {
            "0": 0.9011056423187256,
            "1": 0.5392376780509949,
            "2": 0.30140551924705505,
            "3": 0.2978074848651886
        },
        "1": {
            "0": 0.5328470468521118,
            "1": 0.8961192965507507,
            "2": 0.22809937596321106,
            "3": 0.2233709990978241
        },
        "2": {
            "0": 0.2726031243801117,
            "1": 0.23108091950416565,
            "2": 0.9013325572013855,
            "3": 0.8420100212097168
        },
        "3": {
            "0": 0.2815423011779785,
            "1": 0.2280878871679306,
            "2": 0.8106204867362976,
            "3": 0.8721538186073303
        }
    }
}