{
    "confidence_score": 0.8441721200942993,
    "ptm": 0.7718585133552551,
    "iptm": 0.7394965291023254,
    "ligand_iptm": 0.0,
    "protein_iptm": 0.7394965291023254,
    "complex_plddt": 0.8703409433364868,
    "complex_iplddt": 0.8030274510383606,
    "complex_pde": 0.5571351647377014,
    "complex_ipde": 6.401386260986328,
    "chains_ptm": {
        "0": 0.9033100605010986,
        "1": 0.9038455486297607
    },
    "pair_chains_iptm": {
        "0": {
            "0": 0.9033100605010986,
            "1": 0.728702962398529
        },
        "1": {
            "0": 0.7394965291023254,
            "1": 0.9038455486297607
        }
    }
}