{
    "confidence_score": 0.6361133456230164,
    "ptm": 0.7342509627342224,
    "iptm": 0.9668127298355103,
    "ligand_iptm": 0.9668127298355103,
    "protein_iptm": 0.0,
    "complex_plddt": 0.5534384846687317,
    "complex_iplddt": 0.6559068560600281,
    "complex_pde": 2.0487477779388428,
    "complex_ipde": 1.0179266929626465,
    "chains_ptm": {
        "0": 0.7193084359169006,
        "1": 0.9020979404449463
    },
    "pair_chains_iptm": {
        "0": {
            "0": 0.7193084359169006,
            "1": 0.519329309463501
        },
        "1": {
            "0": 0.9668127298355103,
            "1": 0.9020979404449463
        }
    }
}