{
    "confidence_score": 0.5255815386772156,
    "ptm": 0.554957389831543,
    "iptm": 0.0,
    "ligand_iptm": 0.0,
    "protein_iptm": 0.0,
    "complex_plddt": 0.5182375311851501,
    "complex_iplddt": 0.5182375311851501,
    "complex_pde": 3.614065408706665,
    "complex_ipde": 0.0,
    "chains_ptm": {
        "0": 0.554957389831543
    },
    "pair_chains_iptm": {
        "0": {
            "0": 0.554957389831543
        }
    }
}