{
    "confidence_score": 0.847413957118988,
    "ptm": 0.8660643100738525,
    "iptm": 0.7573220729827881,
    "ligand_iptm": 0.7573220729827881,
    "protein_iptm": 0.0,
    "complex_plddt": 0.8699368834495544,
    "complex_iplddt": 0.5969266891479492,
    "complex_pde": 0.7351668477058411,
    "complex_ipde": 5.102138519287109,
    "chains_ptm": {
        "0": 0.8761036396026611,
        "1": 0.8116428256034851
    },
    "pair_chains_iptm": {
        "0": {
            "0": 0.8761036396026611,
            "1": 0.28030121326446533
        },
        "1": {
            "0": 0.7573220729827881,
            "1": 0.8116428256034851
        }
    }
}