{
    "confidence_score": 0.7975297570228577,
    "ptm": 0.6094712018966675,
    "iptm": 0.4609784781932831,
    "ligand_iptm": 0.0,
    "protein_iptm": 0.4609784781932831,
    "complex_plddt": 0.8816675543785095,
    "complex_iplddt": 0.8600889444351196,
    "complex_pde": 0.7247457504272461,
    "complex_ipde": 8.1886625289917,
    "chains_ptm": {
        "0": 0.9035415053367615,
        "1": 0.9014383554458618,
        "2": 0.9001395106315613,
        "3": 0.8722732663154602
    },
    "pair_chains_iptm": {
        "0": {
            "0": 0.9035415053367615,
            "1": 0.5859245657920837,
            "2": 0.3376978039741516,
            "3": 0.33124804496765137
        },
        "1": {
            "0": 0.5865984559059143,
            "1": 0.9014383554458618,
            "2": 0.2557566463947296,
            "3": 0.25433579087257385
        },
        "2": {
            "0": 0.30945128202438354,
            "1": 0.26084232330322266,
            "2": 0.9001395106315613,
            "3": 0.8391801714897156
        },
        "3": {
            "0": 0.31459304690361023,
            "1": 0.25458526611328125,
            "2": 0.8161488771438599,
            "3": 0.8722732663154602
        }
    }
}