{
    "confidence_score": 0.8593779802322388,
    "ptm": 0.7908377647399902,
    "iptm": 0.7558206915855408,
    "ligand_iptm": 0.0,
    "protein_iptm": 0.7558206915855408,
    "complex_plddt": 0.8852673172950745,
    "complex_iplddt": 0.8079007267951965,
    "complex_pde": 0.5268367528915405,
    "complex_ipde": 5.152000904083252,
    "chains_ptm": {
        "0": 0.9154309034347534,
        "1": 0.914243221282959
    },
    "pair_chains_iptm": {
        "0": {
            "0": 0.9154309034347534,
            "1": 0.7558206915855408
        },
        "1": {
            "0": 0.754566490650177,
            "1": 0.914243221282959
        }
    }
}