{
    "confidence_score": 0.8950926065444946,
    "ptm": 0.8716416954994202,
    "iptm": 0.0,
    "ligand_iptm": 0.0,
    "protein_iptm": 0.0,
    "complex_plddt": 0.900955319404602,
    "complex_iplddt": 0.900955319404602,
    "complex_pde": 0.4350694417953491,
    "complex_ipde": 0.0,
    "chains_ptm": {
        "0": 0.8716416954994202
    },
    "pair_chains_iptm": {
        "0": {
            "0": 0.8716416954994202
        }
    }
}