{
    "confidence_score": 0.8167824745178223,
    "ptm": 0.6725786328315735,
    "iptm": 0.5375460982322693,
    "ligand_iptm": 0.0,
    "protein_iptm": 0.5375460982322693,
    "complex_plddt": 0.8865916132926941,
    "complex_iplddt": 0.885398805141449,
    "complex_pde": 0.6598560214042664,
    "complex_ipde": 6.107801914215088,
    "chains_ptm": {
        "0": 0.8959842920303345,
        "1": 0.8780760169029236,
        "2": 0.8656097054481506
    },
    "pair_chains_iptm": {
        "0": {
            "0": 0.8959842920303345,
            "1": 0.4473755955696106,
            "2": 0.4008566737174988
        },
        "1": {
            "0": 0.4040576219558716,
            "1": 0.8780760169029236,
            "2": 0.8449963927268982
        },
        "2": {
            "0": 0.37928956747055054,
            "1": 0.8084976077079773,
            "2": 0.8656097054481506
        }
    }
}