{
    "confidence_score": 0.8104051947593689,
    "ptm": 0.6656641960144043,
    "iptm": 0.47733935713768005,
    "ligand_iptm": 0.0,
    "protein_iptm": 0.47733935713768005,
    "complex_plddt": 0.8936715722084045,
    "complex_iplddt": 0.874765157699585,
    "complex_pde": 0.5877373218536377,
    "complex_ipde": 5.53375244140625,
    "chains_ptm": {
        "0": 0.9090343117713928,
        "1": 0.904310941696167,
        "2": 0.8799551725387573
    },
    "pair_chains_iptm": {
        "0": {
            "0": 0.9090343117713928,
            "1": 0.35013067722320557,
            "2": 0.35890379548072815
        },
        "1": {
            "0": 0.36050179600715637,
            "1": 0.904310941696167,
            "2": 0.8732333183288574
        },
        "2": {
            "0": 0.3791172504425049,
            "1": 0.8439034819602966,
            "2": 0.8799551725387573
        }
    }
}