{
    "confidence_score": 0.6370120048522949,
    "ptm": 0.7046524286270142,
    "iptm": 0.9687482714653015,
    "ligand_iptm": 0.9687482714653015,
    "protein_iptm": 0.0,
    "complex_plddt": 0.5540779232978821,
    "complex_iplddt": 0.6609456539154053,
    "complex_pde": 2.3047292232513428,
    "complex_ipde": 1.21672523021698,
    "chains_ptm": {
        "0": 0.6873213648796082,
        "1": 0.9048265814781189
    },
    "pair_chains_iptm": {
        "0": {
            "0": 0.6873213648796082,
            "1": 0.5160793662071228
        },
        "1": {
            "0": 0.9687482714653015,
            "1": 0.9048265814781189
        }
    }
}