{
    "confidence_score": 0.6426140666007996,
    "ptm": 0.6519573926925659,
    "iptm": 0.9620323181152344,
    "ligand_iptm": 0.9620323181152344,
    "protein_iptm": 0.0,
    "complex_plddt": 0.5627594590187073,
    "complex_iplddt": 0.6772623062133789,
    "complex_pde": 2.618067741394043,
    "complex_ipde": 1.4140089750289917,
    "chains_ptm": {
        "0": 0.6313185691833496,
        "1": 0.896536111831665
    },
    "pair_chains_iptm": {
        "0": {
            "0": 0.6313185691833496,
            "1": 0.4775752127170563
        },
        "1": {
            "0": 0.9620323181152344,
            "1": 0.896536111831665
        }
    }
}