{
    "confidence_score": 0.6337971091270447,
    "ptm": 0.7141204476356506,
    "iptm": 0.9614643454551697,
    "ligand_iptm": 0.9614643454551697,
    "protein_iptm": 0.0,
    "complex_plddt": 0.5518803000450134,
    "complex_iplddt": 0.6562591195106506,
    "complex_pde": 2.2129404544830322,
    "complex_ipde": 1.1097267866134644,
    "chains_ptm": {
        "0": 0.6983934044837952,
        "1": 0.8849393129348755
    },
    "pair_chains_iptm": {
        "0": {
            "0": 0.6983934044837952,
            "1": 0.4908432960510254
        },
        "1": {
            "0": 0.9614643454551697,
            "1": 0.8849393129348755
        }
    }
}