{
    "confidence_score": 0.8925020098686218,
    "ptm": 0.8753948211669922,
    "iptm": 0.0,
    "ligand_iptm": 0.0,
    "protein_iptm": 0.0,
    "complex_plddt": 0.8967788219451904,
    "complex_iplddt": 0.8967788219451904,
    "complex_pde": 0.43723803758621216,
    "complex_ipde": 0.0,
    "chains_ptm": {
        "0": 0.8753948211669922
    },
    "pair_chains_iptm": {
        "0": {
            "0": 0.8753948211669922
        }
    }
}