{
    "confidence_score": 0.6383489370346069,
    "ptm": 0.7661682963371277,
    "iptm": 0.9709904789924622,
    "ligand_iptm": 0.9709904789924622,
    "protein_iptm": 0.0,
    "complex_plddt": 0.5551885366439819,
    "complex_iplddt": 0.6708407402038574,
    "complex_pde": 1.8758314847946167,
    "complex_ipde": 0.9620774388313293,
    "chains_ptm": {
        "0": 0.7529317736625671,
        "1": 0.9115355610847473
    },
    "pair_chains_iptm": {
        "0": {
            "0": 0.7529317736625671,
            "1": 0.5567519068717957
        },
        "1": {
            "0": 0.9709904789924622,
            "1": 0.9115355610847473
        }
    }
}