{
    "confidence_score": 0.8625144958496094,
    "ptm": 0.78218013048172,
    "iptm": 0.749724805355072,
    "ligand_iptm": 0.0,
    "protein_iptm": 0.749724805355072,
    "complex_plddt": 0.8907119631767273,
    "complex_iplddt": 0.8095494508743286,
    "complex_pde": 0.5467484593391418,
    "complex_ipde": 5.364101886749268,
    "chains_ptm": {
        "0": 0.9111414551734924,
        "1": 0.907515287399292
    },
    "pair_chains_iptm": {
        "0": {
            "0": 0.9111414551734924,
            "1": 0.7461146712303162
        },
        "1": {
            "0": 0.749724805355072,
            "1": 0.907515287399292
        }
    }
}