{
    "confidence_score": 0.9002796411514282,
    "ptm": 0.8807371854782104,
    "iptm": 0.0,
    "ligand_iptm": 0.0,
    "protein_iptm": 0.0,
    "complex_plddt": 0.9051652550697327,
    "complex_iplddt": 0.9051652550697327,
    "complex_pde": 0.45088058710098267,
    "complex_ipde": 0.0,
    "chains_ptm": {
        "0": 0.8807371854782104
    },
    "pair_chains_iptm": {
        "0": {
            "0": 0.8807371854782104
        }
    }
}