{
    "confidence_score": 0.8050946593284607,
    "ptm": 0.6274324655532837,
    "iptm": 0.5138477087020874,
    "ligand_iptm": 0.0,
    "protein_iptm": 0.5138477087020874,
    "complex_plddt": 0.877906322479248,
    "complex_iplddt": 0.8209760189056396,
    "complex_pde": 0.6988585591316223,
    "complex_ipde": 6.938812732696533,
    "chains_ptm": {
        "0": 0.9051679968833923,
        "1": 0.9010599851608276,
        "2": 0.8843121528625488,
        "3": 0.8622092008590698
    },
    "pair_chains_iptm": {
        "0": {
            "0": 0.9051679968833923,
            "1": 0.699385404586792,
            "2": 0.3300744295120239,
            "3": 0.3193816542625427
        },
        "1": {
            "0": 0.7004294991493225,
            "1": 0.9010599851608276,
            "2": 0.2408268004655838,
            "3": 0.2330264449119568
        },
        "2": {
            "0": 0.27901220321655273,
            "1": 0.24506337940692902,
            "2": 0.8843121528625488,
            "3": 0.8239749670028687
        },
        "3": {
            "0": 0.27856749296188354,
            "1": 0.24558472633361816,
            "2": 0.7985292077064514,
            "3": 0.8622092008590698
        }
    }
}