{
    "confidence_score": 0.632536768913269,
    "ptm": 0.6408604979515076,
    "iptm": 0.9541311264038086,
    "ligand_iptm": 0.9541311264038086,
    "protein_iptm": 0.0,
    "complex_plddt": 0.5521381497383118,
    "complex_iplddt": 0.6425535678863525,
    "complex_pde": 2.6825664043426514,
    "complex_ipde": 1.550406813621521,
    "chains_ptm": {
        "0": 0.6200884580612183,
        "1": 0.8743293881416321
    },
    "pair_chains_iptm": {
        "0": {
            "0": 0.6200884580612183,
            "1": 0.4401019811630249
        },
        "1": {
            "0": 0.9541311264038086,
            "1": 0.8743293881416321
        }
    }
}