{
    "confidence_score": 0.6294445395469666,
    "ptm": 0.6780664920806885,
    "iptm": 0.9585061073303223,
    "ligand_iptm": 0.9585061073303223,
    "protein_iptm": 0.0,
    "complex_plddt": 0.547179102897644,
    "complex_iplddt": 0.6341253519058228,
    "complex_pde": 2.429563522338867,
    "complex_ipde": 1.4596920013427734,
    "chains_ptm": {
        "0": 0.6594133377075195,
        "1": 0.8841416835784912
    },
    "pair_chains_iptm": {
        "0": {
            "0": 0.6594133377075195,
            "1": 0.47775787115097046
        },
        "1": {
            "0": 0.9585061073303223,
            "1": 0.8841416835784912
        }
    }
}