{
    "confidence_score": 0.8473216891288757,
    "ptm": 0.7581737041473389,
    "iptm": 0.6807756423950195,
    "ligand_iptm": 0.0,
    "protein_iptm": 0.6807756423950195,
    "complex_plddt": 0.8889582753181458,
    "complex_iplddt": 0.8070077896118164,
    "complex_pde": 0.5564672946929932,
    "complex_ipde": 6.43995475769043,
    "chains_ptm": {
        "0": 0.9110569953918457,
        "1": 0.9102810025215149
    },
    "pair_chains_iptm": {
        "0": {
            "0": 0.9110569953918457,
            "1": 0.6807756423950195
        },
        "1": {
            "0": 0.6638075709342957,
            "1": 0.9102810025215149
        }
    }
}