{
    "confidence_score": 0.7904107570648193,
    "ptm": 0.6107490062713623,
    "iptm": 0.375029981136322,
    "ligand_iptm": 0.0,
    "protein_iptm": 0.375029981136322,
    "complex_plddt": 0.8942559361457825,
    "complex_iplddt": 0.8782951235771179,
    "complex_pde": 0.658358633518219,
    "complex_ipde": 7.081424713134766,
    "chains_ptm": {
        "0": 0.9099270105361938,
        "1": 0.8864157795906067,
        "2": 0.8580738306045532
    },
    "pair_chains_iptm": {
        "0": {
            "0": 0.9099270105361938,
            "1": 0.22868898510932922,
            "2": 0.2262089103460312
        },
        "1": {
            "0": 0.204082190990448,
            "1": 0.8864157795906067,
            "2": 0.8398371338844299
        },
        "2": {
            "0": 0.2050182819366455,
            "1": 0.7957586050033569,
            "2": 0.8580738306045532
        }
    }
}