{
    "confidence_score": 0.8331543207168579,
    "ptm": 0.7048505544662476,
    "iptm": 0.5857906341552734,
    "ligand_iptm": 0.0,
    "protein_iptm": 0.5857906341552734,
    "complex_plddt": 0.8949952125549316,
    "complex_iplddt": 0.8891491889953613,
    "complex_pde": 0.6281918287277222,
    "complex_ipde": 5.752310276031494,
    "chains_ptm": {
        "0": 0.9162688851356506,
        "1": 0.8838750123977661,
        "2": 0.8709703087806702
    },
    "pair_chains_iptm": {
        "0": {
            "0": 0.9162688851356506,
            "1": 0.5084666013717651,
            "2": 0.4644366502761841
        },
        "1": {
            "0": 0.45198118686676025,
            "1": 0.8838750123977661,
            "2": 0.8472724556922913
        },
        "2": {
            "0": 0.4250483512878418,
            "1": 0.8095798492431641,
            "2": 0.8709703087806702
        }
    }
}