{
    "confidence_score": 0.7981523871421814,
    "ptm": 0.6214224696159363,
    "iptm": 0.40025609731674194,
    "ligand_iptm": 0.0,
    "protein_iptm": 0.40025609731674194,
    "complex_plddt": 0.8976264595985413,
    "complex_iplddt": 0.8811097741127014,
    "complex_pde": 0.650417149066925,
    "complex_ipde": 6.821533679962158,
    "chains_ptm": {
        "0": 0.9068737030029297,
        "1": 0.8933783769607544,
        "2": 0.8650416135787964
    },
    "pair_chains_iptm": {
        "0": {
            "0": 0.9068737030029297,
            "1": 0.2614341676235199,
            "2": 0.25837084650993347
        },
        "1": {
            "0": 0.2431868314743042,
            "1": 0.8933783769607544,
            "2": 0.8410730957984924
        },
        "2": {
            "0": 0.24549508094787598,
            "1": 0.8032621741294861,
            "2": 0.8650416135787964
        }
    }
}