{
    "confidence_score": 0.8207921385765076,
    "ptm": 0.6501432061195374,
    "iptm": 0.4730227589607239,
    "ligand_iptm": 0.0,
    "protein_iptm": 0.4730227589607239,
    "complex_plddt": 0.9077343940734863,
    "complex_iplddt": 0.9019283056259155,
    "complex_pde": 0.6342020034790039,
    "complex_ipde": 6.200231075286865,
    "chains_ptm": {
        "0": 0.9009603261947632,
        "1": 0.8790761828422546,
        "2": 0.8529922366142273
    },
    "pair_chains_iptm": {
        "0": {
            "0": 0.9009603261947632,
            "1": 0.362387478351593,
            "2": 0.34482714533805847
        },
        "1": {
            "0": 0.32681211829185486,
            "1": 0.8790761828422546,
            "2": 0.8413152098655701
        },
        "2": {
            "0": 0.3110622465610504,
            "1": 0.800094485282898,
            "2": 0.8529922366142273
        }
    }
}