{
    "confidence_score": 0.5464615821838379,
    "ptm": 0.5650104284286499,
    "iptm": 0.0,
    "ligand_iptm": 0.0,
    "protein_iptm": 0.0,
    "complex_plddt": 0.5418243408203125,
    "complex_iplddt": 0.5418243408203125,
    "complex_pde": 3.4684650897979736,
    "complex_ipde": 0.0,
    "chains_ptm": {
        "0": 0.5650104284286499
    },
    "pair_chains_iptm": {
        "0": {
            "0": 0.5650104284286499
        }
    }
}