{
    "confidence_score": 0.791893720626831,
    "ptm": 0.6170653700828552,
    "iptm": 0.38345661759376526,
    "ligand_iptm": 0.0,
    "protein_iptm": 0.38345661759376526,
    "complex_plddt": 0.8940029740333557,
    "complex_iplddt": 0.8900563716888428,
    "complex_pde": 0.6529732346534729,
    "complex_ipde": 6.736445426940918,
    "chains_ptm": {
        "0": 0.9087164402008057,
        "1": 0.8856207728385925,
        "2": 0.8672215342521667
    },
    "pair_chains_iptm": {
        "0": {
            "0": 0.9087164402008057,
            "1": 0.23579970002174377,
            "2": 0.23519012331962585
        },
        "1": {
            "0": 0.2360868602991104,
            "1": 0.8856207728385925,
            "2": 0.8462342619895935
        },
        "2": {
            "0": 0.21732103824615479,
            "1": 0.8113070130348206,
            "2": 0.8672215342521667
        }
    }
}