{
    "confidence_score": 0.5453624129295349,
    "ptm": 0.5866467952728271,
    "iptm": 0.0,
    "ligand_iptm": 0.0,
    "protein_iptm": 0.0,
    "complex_plddt": 0.535041332244873,
    "complex_iplddt": 0.535041332244873,
    "complex_pde": 3.20481276512146,
    "complex_ipde": 0.0,
    "chains_ptm": {
        "0": 0.5866467952728271
    },
    "pair_chains_iptm": {
        "0": {
            "0": 0.5866467952728271
        }
    }
}