{
    "confidence_score": 0.527597963809967,
    "ptm": 0.5703104138374329,
    "iptm": 0.0,
    "ligand_iptm": 0.0,
    "protein_iptm": 0.0,
    "complex_plddt": 0.5169198513031006,
    "complex_iplddt": 0.5169198513031006,
    "complex_pde": 3.454141855239868,
    "complex_ipde": 0.0,
    "chains_ptm": {
        "0": 0.5703104138374329
    },
    "pair_chains_iptm": {
        "0": {
            "0": 0.5703104138374329
        }
    }
}