{
    "confidence_score": 0.8956384658813477,
    "ptm": 0.870018720626831,
    "iptm": 0.0,
    "ligand_iptm": 0.0,
    "protein_iptm": 0.0,
    "complex_plddt": 0.902043342590332,
    "complex_iplddt": 0.902043342590332,
    "complex_pde": 0.43490779399871826,
    "complex_ipde": 0.0,
    "chains_ptm": {
        "0": 0.870018720626831
    },
    "pair_chains_iptm": {
        "0": {
            "0": 0.870018720626831
        }
    }
}