{
    "confidence_score": 0.5361294150352478,
    "ptm": 0.5597191452980042,
    "iptm": 0.0,
    "ligand_iptm": 0.0,
    "protein_iptm": 0.0,
    "complex_plddt": 0.5302319526672363,
    "complex_iplddt": 0.5302319526672363,
    "complex_pde": 3.464029312133789,
    "complex_ipde": 0.0,
    "chains_ptm": {
        "0": 0.5597191452980042
    },
    "pair_chains_iptm": {
        "0": {
            "0": 0.5597191452980042
        }
    }
}