{
    "confidence_score": 0.8445952534675598,
    "ptm": 0.7678511738777161,
    "iptm": 0.7241348028182983,
    "ligand_iptm": 0.0,
    "protein_iptm": 0.7241348028182983,
    "complex_plddt": 0.8747103214263916,
    "complex_iplddt": 0.8092453479766846,
    "complex_pde": 0.5665134787559509,
    "complex_ipde": 6.908610820770264,
    "chains_ptm": {
        "0": 0.9053595066070557,
        "1": 0.9026147723197937
    },
    "pair_chains_iptm": {
        "0": {
            "0": 0.9053595066070557,
            "1": 0.713542640209198
        },
        "1": {
            "0": 0.7241348028182983,
            "1": 0.9026147723197937
        }
    }
}