{
    "confidence_score": 0.8061131834983826,
    "ptm": 0.6269817352294922,
    "iptm": 0.5252847075462341,
    "ligand_iptm": 0.0,
    "protein_iptm": 0.5252847075462341,
    "complex_plddt": 0.8763203024864197,
    "complex_iplddt": 0.8231784701347351,
    "complex_pde": 0.6538277268409729,
    "complex_ipde": 6.559067249298096,
    "chains_ptm": {
        "0": 0.9201109409332275,
        "1": 0.9100162982940674,
        "2": 0.9041393995285034,
        "3": 0.8809857964515686
    },
    "pair_chains_iptm": {
        "0": {
            "0": 0.9201109409332275,
            "1": 0.745403528213501,
            "2": 0.26490962505340576,
            "3": 0.2583078145980835
        },
        "1": {
            "0": 0.7285326719284058,
            "1": 0.9100162982940674,
            "2": 0.2135588377714157,
            "3": 0.20272676646709442
        },
        "2": {
            "0": 0.27471858263015747,
            "1": 0.21762900054454803,
            "2": 0.9041393995285034,
            "3": 0.8450828790664673
        },
        "3": {
            "0": 0.25493836402893066,
            "1": 0.2092180997133255,
            "2": 0.8117409348487854,
            "3": 0.8809857964515686
        }
    }
}