{
    "confidence_score": 0.631403923034668,
    "ptm": 0.6590962409973145,
    "iptm": 0.9597922563552856,
    "ligand_iptm": 0.9597922563552856,
    "protein_iptm": 0.0,
    "complex_plddt": 0.5493068099021912,
    "complex_iplddt": 0.6690025329589844,
    "complex_pde": 2.5937836170196533,
    "complex_ipde": 1.2668688297271729,
    "chains_ptm": {
        "0": 0.6394357085227966,
        "1": 0.8750736713409424
    },
    "pair_chains_iptm": {
        "0": {
            "0": 0.6394357085227966,
            "1": 0.4312695264816284
        },
        "1": {
            "0": 0.9597922563552856,
            "1": 0.8750736713409424
        }
    }
}