{
    "confidence_score": 0.6325149536132812,
    "ptm": 0.6894603967666626,
    "iptm": 0.9620906114578247,
    "ligand_iptm": 0.9620906114578247,
    "protein_iptm": 0.0,
    "complex_plddt": 0.550121009349823,
    "complex_iplddt": 0.6490324139595032,
    "complex_pde": 2.329293966293335,
    "complex_ipde": 1.125657081604004,
    "chains_ptm": {
        "0": 0.6717562079429626,
        "1": 0.8878958821296692
    },
    "pair_chains_iptm": {
        "0": {
            "0": 0.6717562079429626,
            "1": 0.46771034598350525
        },
        "1": {
            "0": 0.9620906114578247,
            "1": 0.8878958821296692
        }
    }
}