{
    "confidence_score": 0.8053251504898071,
    "ptm": 0.6339850425720215,
    "iptm": 0.4393956661224365,
    "ligand_iptm": 0.0,
    "protein_iptm": 0.4393956661224365,
    "complex_plddt": 0.8968074321746826,
    "complex_iplddt": 0.883277177810669,
    "complex_pde": 0.6442217826843262,
    "complex_ipde": 6.445573329925537,
    "chains_ptm": {
        "0": 0.9024963974952698,
        "1": 0.8922268152236938,
        "2": 0.8671999573707581
    },
    "pair_chains_iptm": {
        "0": {
            "0": 0.9024963974952698,
            "1": 0.3142967224121094,
            "2": 0.2946403920650482
        },
        "1": {
            "0": 0.3036106526851654,
            "1": 0.8922268152236938,
            "2": 0.849728524684906
        },
        "2": {
            "0": 0.3015599846839905,
            "1": 0.8086844086647034,
            "2": 0.8671999573707581
        }
    }
}