Drug,Mutation,WT_mean,WT_sd,WT_n,Mutant_mean,Mutant_sd,Mutant_n,Delta_iPTM
Trastuzumab,Δ16,0.4938521858523874,0.047723554667428746,17,0.4911245240105523,0.04704879097979897,18,-0.002727661841835094
Pertuzumab,S310F,0.4481516265206867,0.044723106522591594,18,0.5236501773198445,0.04265774456671931,15,0.07549855079915785
Lapatinib,L755S,0.6595060080289841,0.13450966620006388,20,0.961322495341301,0.006041947856917032,20,0.3018164873123169
Lapatinib,K753E,0.6595060080289841,0.13450966620006388,20,0.9633697679168299,0.004110151763774289,19,0.30386375988784586
