{
    "confidence_score": 0.8643493056297302,
    "ptm": 0.7838837504386902,
    "iptm": 0.7536728978157043,
    "ligand_iptm": 0.0,
    "protein_iptm": 0.7536728978157043,
    "complex_plddt": 0.8920183777809143,
    "complex_iplddt": 0.8131641745567322,
    "complex_pde": 0.5376879572868347,
    "complex_ipde": 4.919018745422363,
    "chains_ptm": {
        "0": 0.9121189117431641,
        "1": 0.9076084494590759
    },
    "pair_chains_iptm": {
        "0": {
            "0": 0.9121189117431641,
            "1": 0.7489241361618042
        },
        "1": {
            "0": 0.7536728978157043,
            "1": 0.9076084494590759
        }
    }
}