{
    "confidence_score": 0.7980853319168091,
    "ptm": 0.6257611513137817,
    "iptm": 0.403863787651062,
    "ligand_iptm": 0.0,
    "protein_iptm": 0.403863787651062,
    "complex_plddt": 0.8966406583786011,
    "complex_iplddt": 0.8811664581298828,
    "complex_pde": 0.6308411359786987,
    "complex_ipde": 6.456061363220215,
    "chains_ptm": {
        "0": 0.9079108238220215,
        "1": 0.8869941830635071,
        "2": 0.8582997918128967
    },
    "pair_chains_iptm": {
        "0": {
            "0": 0.9079108238220215,
            "1": 0.26457297801971436,
            "2": 0.2583444118499756
        },
        "1": {
            "0": 0.24466511607170105,
            "1": 0.8869941830635071,
            "2": 0.8441391587257385
        },
        "2": {
            "0": 0.24641886353492737,
            "1": 0.8061924576759338,
            "2": 0.8582997918128967
        }
    }
}