{
    "confidence_score": 0.8445503115653992,
    "ptm": 0.764045238494873,
    "iptm": 0.7153484225273132,
    "ligand_iptm": 0.0,
    "protein_iptm": 0.7153484225273132,
    "complex_plddt": 0.8768507838249207,
    "complex_iplddt": 0.8187894225120544,
    "complex_pde": 0.5834166407585144,
    "complex_ipde": 7.393546104431152,
    "chains_ptm": {
        "0": 0.9016293287277222,
        "1": 0.9004203081130981
    },
    "pair_chains_iptm": {
        "0": {
            "0": 0.9016293287277222,
            "1": 0.7074601054191589
        },
        "1": {
            "0": 0.7153484225273132,
            "1": 0.9004203081130981
        }
    }
}