{
    "confidence_score": 0.803657054901123,
    "ptm": 0.8540651202201843,
    "iptm": 0.5869815945625305,
    "ligand_iptm": 0.5869815945625305,
    "protein_iptm": 0.0,
    "complex_plddt": 0.8578259348869324,
    "complex_iplddt": 0.459055632352829,
    "complex_pde": 0.8186087012290955,
    "complex_ipde": 6.510128974914551,
    "chains_ptm": {
        "0": 0.8743301630020142,
        "1": 0.8219090700149536
    },
    "pair_chains_iptm": {
        "0": {
            "0": 0.8743301630020142,
            "1": 0.17732594907283783
        },
        "1": {
            "0": 0.5869815945625305,
            "1": 0.8219090700149536
        }
    }
}