{
    "confidence_score": 0.7900428771972656,
    "ptm": 0.610243558883667,
    "iptm": 0.37573379278182983,
    "ligand_iptm": 0.0,
    "protein_iptm": 0.37573379278182983,
    "complex_plddt": 0.8936201333999634,
    "complex_iplddt": 0.8783702254295349,
    "complex_pde": 0.6532277464866638,
    "complex_ipde": 7.1024169921875,
    "chains_ptm": {
        "0": 0.9088864326477051,
        "1": 0.8883445262908936,
        "2": 0.86223965883255
    },
    "pair_chains_iptm": {
        "0": {
            "0": 0.9088864326477051,
            "1": 0.2291657030582428,
            "2": 0.22867116332054138
        },
        "1": {
            "0": 0.20396238565444946,
            "1": 0.8883445262908936,
            "2": 0.8379073739051819
        },
        "2": {
            "0": 0.20488311350345612,
            "1": 0.795983076095581,
            "2": 0.86223965883255
        }
    }
}