{
    "confidence_score": 0.9002849459648132,
    "ptm": 0.8798137307167053,
    "iptm": 0.0,
    "ligand_iptm": 0.0,
    "protein_iptm": 0.0,
    "complex_plddt": 0.9054027795791626,
    "complex_iplddt": 0.9054027795791626,
    "complex_pde": 0.4609735310077667,
    "complex_ipde": 0.0,
    "chains_ptm": {
        "0": 0.8798137307167053
    },
    "pair_chains_iptm": {
        "0": {
            "0": 0.8798137307167053
        }
    }
}