{
    "confidence_score": 0.6463910937309265,
    "ptm": 0.7219187617301941,
    "iptm": 0.9708881378173828,
    "ligand_iptm": 0.9708881378173828,
    "protein_iptm": 0.0,
    "complex_plddt": 0.5652667880058289,
    "complex_iplddt": 0.6694300174713135,
    "complex_pde": 2.141494035720825,
    "complex_ipde": 0.9852994680404663,
    "chains_ptm": {
        "0": 0.7055825591087341,
        "1": 0.9148204922676086
    },
    "pair_chains_iptm": {
        "0": {
            "0": 0.7055825591087341,
            "1": 0.5301984548568726
        },
        "1": {
            "0": 0.9708881378173828,
            "1": 0.9148204922676086
        }
    }
}