{
    "confidence_score": 0.5289234519004822,
    "ptm": 0.5446801781654358,
    "iptm": 0.0,
    "ligand_iptm": 0.0,
    "protein_iptm": 0.0,
    "complex_plddt": 0.5249843001365662,
    "complex_iplddt": 0.5249843001365662,
    "complex_pde": 3.4097414016723633,
    "complex_ipde": 0.0,
    "chains_ptm": {
        "0": 0.5446801781654358
    },
    "pair_chains_iptm": {
        "0": {
            "0": 0.5446801781654358
        }
    }
}