{
    "confidence_score": 0.798801839351654,
    "ptm": 0.6209675669670105,
    "iptm": 0.5230952501296997,
    "ligand_iptm": 0.0,
    "protein_iptm": 0.5230952501296997,
    "complex_plddt": 0.8677284717559814,
    "complex_iplddt": 0.8361079692840576,
    "complex_pde": 0.7452499866485596,
    "complex_ipde": 8.401956558227539,
    "chains_ptm": {
        "0": 0.9104125499725342,
        "1": 0.9020151495933533,
        "2": 0.8919016718864441,
        "3": 0.8679940104484558
    },
    "pair_chains_iptm": {
        "0": {
            "0": 0.9104125499725342,
            "1": 0.7577247619628906,
            "2": 0.2011648565530777,
            "3": 0.19880948960781097
        },
        "1": {
            "0": 0.7541176080703735,
            "1": 0.9020151495933533,
            "2": 0.19724026322364807,
            "3": 0.18782152235507965
        },
        "2": {
            "0": 0.18909981846809387,
            "1": 0.18698401749134064,
            "2": 0.8919016718864441,
            "3": 0.8315611481666565
        },
        "3": {
            "0": 0.18820972740650177,
            "1": 0.18965931236743927,
            "2": 0.8040595054626465,
            "3": 0.8679940104484558
        }
    }
}