{
    "confidence_score": 0.8983532190322876,
    "ptm": 0.8774423003196716,
    "iptm": 0.0,
    "ligand_iptm": 0.0,
    "protein_iptm": 0.0,
    "complex_plddt": 0.903580904006958,
    "complex_iplddt": 0.903580904006958,
    "complex_pde": 0.4468322992324829,
    "complex_ipde": 0.0,
    "chains_ptm": {
        "0": 0.8774423003196716
    },
    "pair_chains_iptm": {
        "0": {
            "0": 0.8774423003196716
        }
    }
}