{
    "confidence_score": 0.6441507339477539,
    "ptm": 0.6767691373825073,
    "iptm": 0.9601191878318787,
    "ligand_iptm": 0.9601191878318787,
    "protein_iptm": 0.0,
    "complex_plddt": 0.5651586055755615,
    "complex_iplddt": 0.6770734190940857,
    "complex_pde": 2.4653735160827637,
    "complex_ipde": 1.3666914701461792,
    "chains_ptm": {
        "0": 0.6583011150360107,
        "1": 0.8924338817596436
    },
    "pair_chains_iptm": {
        "0": {
            "0": 0.6583011150360107,
            "1": 0.48655399680137634
        },
        "1": {
            "0": 0.9601191878318787,
            "1": 0.8924338817596436
        }
    }
}