{
    "confidence_score": 0.8270148634910583,
    "ptm": 0.6971830725669861,
    "iptm": 0.5795420408248901,
    "ligand_iptm": 0.0,
    "protein_iptm": 0.5795420408248901,
    "complex_plddt": 0.8888829946517944,
    "complex_iplddt": 0.8666043877601624,
    "complex_pde": 0.6266248226165771,
    "complex_ipde": 5.997554302215576,
    "chains_ptm": {
        "0": 0.9074779748916626,
        "1": 0.902917742729187,
        "2": 0.9089187383651733,
        "3": 0.8947848081588745
    },
    "pair_chains_iptm": {
        "0": {
            "0": 0.9074779748916626,
            "1": 0.6312779188156128,
            "2": 0.6208275556564331,
            "3": 0.6027358770370483
        },
        "1": {
            "0": 0.6224422454833984,
            "1": 0.902917742729187,
            "2": 0.41491809487342834,
            "3": 0.4139874279499054
        },
        "2": {
            "0": 0.5676071047782898,
            "1": 0.3997819423675537,
            "2": 0.9089187383651733,
            "3": 0.864722490310669
        },
        "3": {
            "0": 0.5730292201042175,
            "1": 0.413580983877182,
            "2": 0.8537382483482361,
            "3": 0.8947848081588745
        }
    }
}