{
    "confidence_score": 0.8977622389793396,
    "ptm": 0.879205048084259,
    "iptm": 0.0,
    "ligand_iptm": 0.0,
    "protein_iptm": 0.0,
    "complex_plddt": 0.9024015069007874,
    "complex_iplddt": 0.9024015069007874,
    "complex_pde": 0.4360155463218689,
    "complex_ipde": 0.0,
    "chains_ptm": {
        "0": 0.879205048084259
    },
    "pair_chains_iptm": {
        "0": {
            "0": 0.879205048084259
        }
    }
}