{
    "confidence_score": 0.5240708589553833,
    "ptm": 0.5555461049079895,
    "iptm": 0.0,
    "ligand_iptm": 0.0,
    "protein_iptm": 0.0,
    "complex_plddt": 0.5162020325660706,
    "complex_iplddt": 0.5162020325660706,
    "complex_pde": 3.5428526401519775,
    "complex_ipde": 0.0,
    "chains_ptm": {
        "0": 0.5555461049079895
    },
    "pair_chains_iptm": {
        "0": {
            "0": 0.5555461049079895
        }
    }
}