{
    "confidence_score": 0.8012346625328064,
    "ptm": 0.6137774586677551,
    "iptm": 0.4628249704837799,
    "ligand_iptm": 0.0,
    "protein_iptm": 0.4628249704837799,
    "complex_plddt": 0.8858370780944824,
    "complex_iplddt": 0.8615410327911377,
    "complex_pde": 0.7064321637153625,
    "complex_ipde": 8.053003311157227,
    "chains_ptm": {
        "0": 0.9030007123947144,
        "1": 0.9030759930610657,
        "2": 0.8901149034500122,
        "3": 0.8697142004966736
    },
    "pair_chains_iptm": {
        "0": {
            "0": 0.9030007123947144,
            "1": 0.578189492225647,
            "2": 0.3796006143093109,
            "3": 0.36860987544059753
        },
        "1": {
            "0": 0.5788823366165161,
            "1": 0.9030759930610657,
            "2": 0.26504167914390564,
            "3": 0.2556958794593811
        },
        "2": {
            "0": 0.3251003623008728,
            "1": 0.2524682581424713,
            "2": 0.8901149034500122,
            "3": 0.82893306016922
        },
        "3": {
            "0": 0.3232440948486328,
            "1": 0.2575259804725647,
            "2": 0.8131650686264038,
            "3": 0.8697142004966736
        }
    }
}