{
    "confidence_score": 0.9032519459724426,
    "ptm": 0.8810080289840698,
    "iptm": 0.0,
    "ligand_iptm": 0.0,
    "protein_iptm": 0.0,
    "complex_plddt": 0.9088128805160522,
    "complex_iplddt": 0.9088128805160522,
    "complex_pde": 0.45359787344932556,
    "complex_ipde": 0.0,
    "chains_ptm": {
        "0": 0.8810080289840698
    },
    "pair_chains_iptm": {
        "0": {
            "0": 0.8810080289840698
        }
    }
}