{
    "confidence_score": 0.8515788912773132,
    "ptm": 0.7637752890586853,
    "iptm": 0.7090185880661011,
    "ligand_iptm": 0.0,
    "protein_iptm": 0.7090185880661011,
    "complex_plddt": 0.8872189521789551,
    "complex_iplddt": 0.8101037740707397,
    "complex_pde": 0.5729346871376038,
    "complex_ipde": 6.570301055908203,
    "chains_ptm": {
        "0": 0.9038510918617249,
        "1": 0.9044365882873535
    },
    "pair_chains_iptm": {
        "0": {
            "0": 0.9038510918617249,
            "1": 0.7090185880661011
        },
        "1": {
            "0": 0.6985780000686646,
            "1": 0.9044365882873535
        }
    }
}