{
    "confidence_score": 0.8050503730773926,
    "ptm": 0.6851102113723755,
    "iptm": 0.5076725482940674,
    "ligand_iptm": 0.0,
    "protein_iptm": 0.5076725482940674,
    "complex_plddt": 0.8793948292732239,
    "complex_iplddt": 0.7858586311340332,
    "complex_pde": 0.6149957776069641,
    "complex_ipde": 9.348444938659668,
    "chains_ptm": {
        "0": 0.9085909724235535,
        "1": 0.9087115526199341
    },
    "pair_chains_iptm": {
        "0": {
            "0": 0.9085909724235535,
            "1": 0.5008760094642639
        },
        "1": {
            "0": 0.5076725482940674,
            "1": 0.9087115526199341
        }
    }
}