{
    "confidence_score": 0.8122484087944031,
    "ptm": 0.6706877946853638,
    "iptm": 0.4866405129432678,
    "ligand_iptm": 0.0,
    "protein_iptm": 0.4866405129432678,
    "complex_plddt": 0.8936504125595093,
    "complex_iplddt": 0.8751346468925476,
    "complex_pde": 0.5760034918785095,
    "complex_ipde": 5.417542457580566,
    "chains_ptm": {
        "0": 0.9120020270347595,
        "1": 0.9092236757278442,
        "2": 0.8854954242706299
    },
    "pair_chains_iptm": {
        "0": {
            "0": 0.9120020270347595,
            "1": 0.360135942697525,
            "2": 0.3689630925655365
        },
        "1": {
            "0": 0.3698793351650238,
            "1": 0.9092236757278442,
            "2": 0.8790174722671509
        },
        "2": {
            "0": 0.3872382938861847,
            "1": 0.8510927557945251,
            "2": 0.8854954242706299
        }
    }
}