{
    "confidence_score": 0.8040547370910645,
    "ptm": 0.6385838985443115,
    "iptm": 0.5394638776779175,
    "ligand_iptm": 0.0,
    "protein_iptm": 0.5394638776779175,
    "complex_plddt": 0.8702024221420288,
    "complex_iplddt": 0.8406431674957275,
    "complex_pde": 0.6890407800674438,
    "complex_ipde": 7.439230442047119,
    "chains_ptm": {
        "0": 0.9087381958961487,
        "1": 0.9023650288581848,
        "2": 0.8990950584411621,
        "3": 0.8739556670188904
    },
    "pair_chains_iptm": {
        "0": {
            "0": 0.9087381958961487,
            "1": 0.7562748193740845,
            "2": 0.2938610315322876,
            "3": 0.29965925216674805
        },
        "1": {
            "0": 0.7563186287879944,
            "1": 0.9023650288581848,
            "2": 0.21538223326206207,
            "3": 0.2221968173980713
        },
        "2": {
            "0": 0.2827112674713135,
            "1": 0.23072658479213715,
            "2": 0.8990950584411621,
            "3": 0.8388652801513672
        },
        "3": {
            "0": 0.2679904103279114,
            "1": 0.23840948939323425,
            "2": 0.8064826130867004,
            "3": 0.8739556670188904
        }
    }
}