{
    "confidence_score": 0.8300182223320007,
    "ptm": 0.8492785692214966,
    "iptm": 0.661018967628479,
    "ligand_iptm": 0.661018967628479,
    "protein_iptm": 0.0,
    "complex_plddt": 0.8722680807113647,
    "complex_iplddt": 0.5472378134727478,
    "complex_pde": 0.8213993906974792,
    "complex_ipde": 6.22165060043335,
    "chains_ptm": {
        "0": 0.865703821182251,
        "1": 0.8188220262527466
    },
    "pair_chains_iptm": {
        "0": {
            "0": 0.865703821182251,
            "1": 0.20863954722881317
        },
        "1": {
            "0": 0.661018967628479,
            "1": 0.8188220262527466
        }
    }
}