{
    "confidence_score": 0.7720595002174377,
    "ptm": 0.5670936703681946,
    "iptm": 0.4330016076564789,
    "ligand_iptm": 0.0,
    "protein_iptm": 0.4330016076564789,
    "complex_plddt": 0.8568239808082581,
    "complex_iplddt": 0.8234601020812988,
    "complex_pde": 0.7471380829811096,
    "complex_ipde": 9.00649356842041,
    "chains_ptm": {
        "0": 0.9036458730697632,
        "1": 0.9067115783691406,
        "2": 0.9067506194114685,
        "3": 0.887539803981781
    },
    "pair_chains_iptm": {
        "0": {
            "0": 0.9036458730697632,
            "1": 0.39907047152519226,
            "2": 0.37882503867149353,
            "3": 0.39344891905784607
        },
        "1": {
            "0": 0.4057021737098694,
            "1": 0.9067115783691406,
            "2": 0.33497849106788635,
            "3": 0.34175345301628113
        },
        "2": {
            "0": 0.3799300491809845,
            "1": 0.311978816986084,
            "2": 0.9067506194114685,
            "3": 0.8523697257041931
        },
        "3": {
            "0": 0.3859621584415436,
            "1": 0.3037341237068176,
            "2": 0.8369168043136597,
            "3": 0.887539803981781
        }
    }
}