{
    "confidence_score": 0.5308856964111328,
    "ptm": 0.562541127204895,
    "iptm": 0.0,
    "ligand_iptm": 0.0,
    "protein_iptm": 0.0,
    "complex_plddt": 0.5229718089103699,
    "complex_iplddt": 0.5229718089103699,
    "complex_pde": 3.5471675395965576,
    "complex_ipde": 0.0,
    "chains_ptm": {
        "0": 0.562541127204895
    },
    "pair_chains_iptm": {
        "0": {
            "0": 0.562541127204895
        }
    }
}