{
    "confidence_score": 0.5282968878746033,
    "ptm": 0.5591683387756348,
    "iptm": 0.0,
    "ligand_iptm": 0.0,
    "protein_iptm": 0.0,
    "complex_plddt": 0.5205790400505066,
    "complex_iplddt": 0.5205790400505066,
    "complex_pde": 3.5270144939422607,
    "complex_ipde": 0.0,
    "chains_ptm": {
        "0": 0.5591683387756348
    },
    "pair_chains_iptm": {
        "0": {
            "0": 0.5591683387756348
        }
    }
}