{
    "confidence_score": 0.8941885828971863,
    "ptm": 0.8724018931388855,
    "iptm": 0.0,
    "ligand_iptm": 0.0,
    "protein_iptm": 0.0,
    "complex_plddt": 0.8996352553367615,
    "complex_iplddt": 0.8996352553367615,
    "complex_pde": 0.4370884299278259,
    "complex_ipde": 0.0,
    "chains_ptm": {
        "0": 0.8724018931388855
    },
    "pair_chains_iptm": {
        "0": {
            "0": 0.8724018931388855
        }
    }
}