{
    "confidence_score": 0.5388504862785339,
    "ptm": 0.5691402554512024,
    "iptm": 0.0,
    "ligand_iptm": 0.0,
    "protein_iptm": 0.0,
    "complex_plddt": 0.5312780737876892,
    "complex_iplddt": 0.5312780737876892,
    "complex_pde": 3.3577041625976562,
    "complex_ipde": 0.0,
    "chains_ptm": {
        "0": 0.5691402554512024
    },
    "pair_chains_iptm": {
        "0": {
            "0": 0.5691402554512024
        }
    }
}