{
    "confidence_score": 0.7795259356498718,
    "ptm": 0.5906246304512024,
    "iptm": 0.4300236105918884,
    "ligand_iptm": 0.0,
    "protein_iptm": 0.4300236105918884,
    "complex_plddt": 0.8669014573097229,
    "complex_iplddt": 0.8402300477027893,
    "complex_pde": 0.7515122890472412,
    "complex_ipde": 8.746025085449219,
    "chains_ptm": {
        "0": 0.913099467754364,
        "1": 0.9069005846977234,
        "2": 0.8914085626602173,
        "3": 0.8706861138343811
    },
    "pair_chains_iptm": {
        "0": {
            "0": 0.913099467754364,
            "1": 0.5871395468711853,
            "2": 0.23853471875190735,
            "3": 0.24297715723514557
        },
        "1": {
            "0": 0.5895923376083374,
            "1": 0.9069005846977234,
            "2": 0.20529042184352875,
            "3": 0.19377093017101288
        },
        "2": {
            "0": 0.22766384482383728,
            "1": 0.2014218419790268,
            "2": 0.8914085626602173,
            "3": 0.8339809775352478
        },
        "3": {
            "0": 0.22107653319835663,
            "1": 0.20394475758075714,
            "2": 0.8061890602111816,
            "3": 0.8706861138343811
        }
    }
}