{
    "confidence_score": 0.8449187278747559,
    "ptm": 0.7668107748031616,
    "iptm": 0.7258098125457764,
    "ligand_iptm": 0.0,
    "protein_iptm": 0.7258098125457764,
    "complex_plddt": 0.8746959567070007,
    "complex_iplddt": 0.8082582950592041,
    "complex_pde": 0.5676368474960327,
    "complex_ipde": 6.881367206573486,
    "chains_ptm": {
        "0": 0.9038838744163513,
        "1": 0.9024327397346497
    },
    "pair_chains_iptm": {
        "0": {
            "0": 0.9038838744163513,
            "1": 0.7128238677978516
        },
        "1": {
            "0": 0.7258098125457764,
            "1": 0.9024327397346497
        }
    }
}