{
    "confidence_score": 0.7998577952384949,
    "ptm": 0.8481976389884949,
    "iptm": 0.5648527145385742,
    "ligand_iptm": 0.5648527145385742,
    "protein_iptm": 0.0,
    "complex_plddt": 0.8586090803146362,
    "complex_iplddt": 0.4644539952278137,
    "complex_pde": 0.850629985332489,
    "complex_ipde": 6.86668062210083,
    "chains_ptm": {
        "0": 0.8694427013397217,
        "1": 0.812996506690979
    },
    "pair_chains_iptm": {
        "0": {
            "0": 0.8694427013397217,
            "1": 0.16645562648773193
        },
        "1": {
            "0": 0.5648527145385742,
            "1": 0.812996506690979
        }
    }
}