{
    "confidence_score": 0.8961787223815918,
    "ptm": 0.8754110932350159,
    "iptm": 0.0,
    "ligand_iptm": 0.0,
    "protein_iptm": 0.0,
    "complex_plddt": 0.901370644569397,
    "complex_iplddt": 0.901370644569397,
    "complex_pde": 0.4401809573173523,
    "complex_ipde": 0.0,
    "chains_ptm": {
        "0": 0.8754110932350159
    },
    "pair_chains_iptm": {
        "0": {
            "0": 0.8754110932350159
        }
    }
}