{
    "confidence_score": 0.8666853904724121,
    "ptm": 0.785946249961853,
    "iptm": 0.7608912587165833,
    "ligand_iptm": 0.0,
    "protein_iptm": 0.7608912587165833,
    "complex_plddt": 0.8931338787078857,
    "complex_iplddt": 0.8115661144256592,
    "complex_pde": 0.5459690690040588,
    "complex_ipde": 5.517299652099609,
    "chains_ptm": {
        "0": 0.9120742678642273,
        "1": 0.9097146391868591
    },
    "pair_chains_iptm": {
        "0": {
            "0": 0.9120742678642273,
            "1": 0.755918025970459
        },
        "1": {
            "0": 0.7608912587165833,
            "1": 0.9097146391868591
        }
    }
}