{
    "confidence_score": 0.6440143585205078,
    "ptm": 0.7852175831794739,
    "iptm": 0.9705172777175903,
    "ligand_iptm": 0.9705172777175903,
    "protein_iptm": 0.0,
    "complex_plddt": 0.5623885989189148,
    "complex_iplddt": 0.6656515002250671,
    "complex_pde": 1.7757121324539185,
    "complex_ipde": 0.8443160653114319,
    "chains_ptm": {
        "0": 0.7737539410591125,
        "1": 0.9133446216583252
    },
    "pair_chains_iptm": {
        "0": {
            "0": 0.7737539410591125,
            "1": 0.589415431022644
        },
        "1": {
            "0": 0.9705172777175903,
            "1": 0.9133446216583252
        }
    }
}