{
    "confidence_score": 0.8408952951431274,
    "ptm": 0.7581247091293335,
    "iptm": 0.7006239891052246,
    "ligand_iptm": 0.0,
    "protein_iptm": 0.7006239891052246,
    "complex_plddt": 0.875963032245636,
    "complex_iplddt": 0.8021934032440186,
    "complex_pde": 0.5879340171813965,
    "complex_ipde": 7.292682647705078,
    "chains_ptm": {
        "0": 0.8958792686462402,
        "1": 0.8982332944869995
    },
    "pair_chains_iptm": {
        "0": {
            "0": 0.8958792686462402,
            "1": 0.6936615109443665
        },
        "1": {
            "0": 0.7006239891052246,
            "1": 0.8982332944869995
        }
    }
}