{
    "confidence_score": 0.9004545211791992,
    "ptm": 0.8807504177093506,
    "iptm": 0.0,
    "ligand_iptm": 0.0,
    "protein_iptm": 0.0,
    "complex_plddt": 0.9053806066513062,
    "complex_iplddt": 0.9053806066513062,
    "complex_pde": 0.4505886435508728,
    "complex_ipde": 0.0,
    "chains_ptm": {
        "0": 0.8807504177093506
    },
    "pair_chains_iptm": {
        "0": {
            "0": 0.8807504177093506
        }
    }
}