{
    "confidence_score": 0.6364451050758362,
    "ptm": 0.7236296534538269,
    "iptm": 0.9615036845207214,
    "ligand_iptm": 0.9615036845207214,
    "protein_iptm": 0.0,
    "complex_plddt": 0.5551804304122925,
    "complex_iplddt": 0.6578844785690308,
    "complex_pde": 2.1257591247558594,
    "complex_ipde": 1.0929609537124634,
    "chains_ptm": {
        "0": 0.7079836130142212,
        "1": 0.8828437328338623
    },
    "pair_chains_iptm": {
        "0": {
            "0": 0.7079836130142212,
            "1": 0.45620912313461304
        },
        "1": {
            "0": 0.9615036845207214,
            "1": 0.8828437328338623
        }
    }
}