{
    "confidence_score": 0.6483599543571472,
    "ptm": 0.7362926602363586,
    "iptm": 0.9669055342674255,
    "ligand_iptm": 0.9669055342674255,
    "protein_iptm": 0.0,
    "complex_plddt": 0.5687234997749329,
    "complex_iplddt": 0.6927249431610107,
    "complex_pde": 2.0556228160858154,
    "complex_ipde": 1.0272955894470215,
    "chains_ptm": {
        "0": 0.7212667465209961,
        "1": 0.9036702513694763
    },
    "pair_chains_iptm": {
        "0": {
            "0": 0.7212667465209961,
            "1": 0.5285455584526062
        },
        "1": {
            "0": 0.9669055342674255,
            "1": 0.9036702513694763
        }
    }
}