{
    "confidence_score": 0.7852718830108643,
    "ptm": 0.5925447940826416,
    "iptm": 0.436936616897583,
    "ligand_iptm": 0.0,
    "protein_iptm": 0.436936616897583,
    "complex_plddt": 0.8723556995391846,
    "complex_iplddt": 0.8503549098968506,
    "complex_pde": 0.7187161445617676,
    "complex_ipde": 8.725862503051758,
    "chains_ptm": {
        "0": 0.9199800491333008,
        "1": 0.912481963634491,
        "2": 0.8949531316757202,
        "3": 0.8610202670097351
    },
    "pair_chains_iptm": {
        "0": {
            "0": 0.9199800491333008,
            "1": 0.5735002160072327,
            "2": 0.24187718331813812,
            "3": 0.25031694769859314
        },
        "1": {
            "0": 0.5779992341995239,
            "1": 0.912481963634491,
            "2": 0.2561551034450531,
            "3": 0.2640649378299713
        },
        "2": {
            "0": 0.25672051310539246,
            "1": 0.28168126940727234,
            "2": 0.8949531316757202,
            "3": 0.8205775618553162
        },
        "3": {
            "0": 0.25595778226852417,
            "1": 0.27524715662002563,
            "2": 0.786658763885498,
            "3": 0.8610202670097351
        }
    }
}