{
    "confidence_score": 0.5364956855773926,
    "ptm": 0.5823690891265869,
    "iptm": 0.0,
    "ligand_iptm": 0.0,
    "protein_iptm": 0.0,
    "complex_plddt": 0.525027334690094,
    "complex_iplddt": 0.525027334690094,
    "complex_pde": 3.2983076572418213,
    "complex_ipde": 0.0,
    "chains_ptm": {
        "0": 0.5823690891265869
    },
    "pair_chains_iptm": {
        "0": {
            "0": 0.5823690891265869
        }
    }
}