{
    "confidence_score": 0.9009245038032532,
    "ptm": 0.8768919706344604,
    "iptm": 0.0,
    "ligand_iptm": 0.0,
    "protein_iptm": 0.0,
    "complex_plddt": 0.9069325923919678,
    "complex_iplddt": 0.9069325923919678,
    "complex_pde": 0.45149606466293335,
    "complex_ipde": 0.0,
    "chains_ptm": {
        "0": 0.8768919706344604
    },
    "pair_chains_iptm": {
        "0": {
            "0": 0.8768919706344604
        }
    }
}