{
    "confidence_score": 0.6443588137626648,
    "ptm": 0.6501269936561584,
    "iptm": 0.9596824645996094,
    "ligand_iptm": 0.9596824645996094,
    "protein_iptm": 0.0,
    "complex_plddt": 0.5655279159545898,
    "complex_iplddt": 0.6867031455039978,
    "complex_pde": 2.5757875442504883,
    "complex_ipde": 1.2389088869094849,
    "chains_ptm": {
        "0": 0.6299533247947693,
        "1": 0.8848526477813721
    },
    "pair_chains_iptm": {
        "0": {
            "0": 0.6299533247947693,
            "1": 0.4487495422363281
        },
        "1": {
            "0": 0.9596824645996094,
            "1": 0.8848526477813721
        }
    }
}