{
    "confidence_score": 0.5310317873954773,
    "ptm": 0.5670597553253174,
    "iptm": 0.0,
    "ligand_iptm": 0.0,
    "protein_iptm": 0.0,
    "complex_plddt": 0.5220248103141785,
    "complex_iplddt": 0.5220248103141785,
    "complex_pde": 3.4895973205566406,
    "complex_ipde": 0.0,
    "chains_ptm": {
        "0": 0.5670597553253174
    },
    "pair_chains_iptm": {
        "0": {
            "0": 0.5670597553253174
        }
    }
}