{
    "confidence_score": 0.8982605338096619,
    "ptm": 0.8796284794807434,
    "iptm": 0.0,
    "ligand_iptm": 0.0,
    "protein_iptm": 0.0,
    "complex_plddt": 0.9029184579849243,
    "complex_iplddt": 0.9029184579849243,
    "complex_pde": 0.4354381561279297,
    "complex_ipde": 0.0,
    "chains_ptm": {
        "0": 0.8796284794807434
    },
    "pair_chains_iptm": {
        "0": {
            "0": 0.8796284794807434
        }
    }
}