{
    "confidence_score": 0.835015594959259,
    "ptm": 0.7420614361763,
    "iptm": 0.6655274629592896,
    "ligand_iptm": 0.0,
    "protein_iptm": 0.6655274629592896,
    "complex_plddt": 0.8773876428604126,
    "complex_iplddt": 0.8174821734428406,
    "complex_pde": 0.6217082738876343,
    "complex_ipde": 8.885126113891602,
    "chains_ptm": {
        "0": 0.8978816866874695,
        "1": 0.8975290060043335
    },
    "pair_chains_iptm": {
        "0": {
            "0": 0.8978816866874695,
            "1": 0.6655274629592896
        },
        "1": {
            "0": 0.6592071056365967,
            "1": 0.8975290060043335
        }
    }
}