{
    "confidence_score": 0.5334683060646057,
    "ptm": 0.5719210505485535,
    "iptm": 0.0,
    "ligand_iptm": 0.0,
    "protein_iptm": 0.0,
    "complex_plddt": 0.5238550901412964,
    "complex_iplddt": 0.5238550901412964,
    "complex_pde": 3.461076259613037,
    "complex_ipde": 0.0,
    "chains_ptm": {
        "0": 0.5719210505485535
    },
    "pair_chains_iptm": {
        "0": {
            "0": 0.5719210505485535
        }
    }
}