{
    "confidence_score": 0.5279381275177002,
    "ptm": 0.5597198605537415,
    "iptm": 0.0,
    "ligand_iptm": 0.0,
    "protein_iptm": 0.0,
    "complex_plddt": 0.5199927091598511,
    "complex_iplddt": 0.5199927091598511,
    "complex_pde": 3.527092933654785,
    "complex_ipde": 0.0,
    "chains_ptm": {
        "0": 0.5597198605537415
    },
    "pair_chains_iptm": {
        "0": {
            "0": 0.5597198605537415
        }
    }
}