{
    "confidence_score": 0.5256970524787903,
    "ptm": 0.5611788034439087,
    "iptm": 0.0,
    "ligand_iptm": 0.0,
    "protein_iptm": 0.0,
    "complex_plddt": 0.5168265700340271,
    "complex_iplddt": 0.5168265700340271,
    "complex_pde": 3.4838387966156006,
    "complex_ipde": 0.0,
    "chains_ptm": {
        "0": 0.5611788034439087
    },
    "pair_chains_iptm": {
        "0": {
            "0": 0.5611788034439087
        }
    }
}