{
    "confidence_score": 0.7917178273200989,
    "ptm": 0.6434222459793091,
    "iptm": 0.4260060489177704,
    "ligand_iptm": 0.0,
    "protein_iptm": 0.4260060489177704,
    "complex_plddt": 0.8831457495689392,
    "complex_iplddt": 0.7964761853218079,
    "complex_pde": 0.6668259501457214,
    "complex_ipde": 11.501578330993652,
    "chains_ptm": {
        "0": 0.9000095129013062,
        "1": 0.9003239274024963
    },
    "pair_chains_iptm": {
        "0": {
            "0": 0.9000095129013062,
            "1": 0.4230647385120392
        },
        "1": {
            "0": 0.4260060489177704,
            "1": 0.9003239274024963
        }
    }
}