{
    "confidence_score": 0.5322930216789246,
    "ptm": 0.5784008502960205,
    "iptm": 0.0,
    "ligand_iptm": 0.0,
    "protein_iptm": 0.0,
    "complex_plddt": 0.5207660794258118,
    "complex_iplddt": 0.5207660794258118,
    "complex_pde": 3.4323508739471436,
    "complex_ipde": 0.0,
    "chains_ptm": {
        "0": 0.5784008502960205
    },
    "pair_chains_iptm": {
        "0": {
            "0": 0.5784008502960205
        }
    }
}