{
    "confidence_score": 0.8937013745307922,
    "ptm": 0.8720085024833679,
    "iptm": 0.0,
    "ligand_iptm": 0.0,
    "protein_iptm": 0.0,
    "complex_plddt": 0.8991245627403259,
    "complex_iplddt": 0.8991245627403259,
    "complex_pde": 0.4385661780834198,
    "complex_ipde": 0.0,
    "chains_ptm": {
        "0": 0.8720085024833679
    },
    "pair_chains_iptm": {
        "0": {
            "0": 0.8720085024833679
        }
    }
}