{
    "confidence_score": 0.8385856747627258,
    "ptm": 0.86748868227005,
    "iptm": 0.7777294516563416,
    "ligand_iptm": 0.7777294516563416,
    "protein_iptm": 0.0,
    "complex_plddt": 0.8537997603416443,
    "complex_iplddt": 0.5515463948249817,
    "complex_pde": 0.6791403293609619,
    "complex_ipde": 4.3375983238220215,
    "chains_ptm": {
        "0": 0.8742277026176453,
        "1": 0.8078693151473999
    },
    "pair_chains_iptm": {
        "0": {
            "0": 0.8742277026176453,
            "1": 0.3403627872467041
        },
        "1": {
            "0": 0.7777294516563416,
            "1": 0.8078693151473999
        }
    }
}