{
    "confidence_score": 0.7993667125701904,
    "ptm": 0.6057668328285217,
    "iptm": 0.4519478678703308,
    "ligand_iptm": 0.0,
    "protein_iptm": 0.4519478678703308,
    "complex_plddt": 0.8862214088439941,
    "complex_iplddt": 0.8622226715087891,
    "complex_pde": 0.7349293828010559,
    "complex_ipde": 8.388819694519043,
    "chains_ptm": {
        "0": 0.8987122774124146,
        "1": 0.89823979139328,
        "2": 0.8913475275039673,
        "3": 0.8644986152648926
    },
    "pair_chains_iptm": {
        "0": {
            "0": 0.8987122774124146,
            "1": 0.5587815642356873,
            "2": 0.3692292869091034,
            "3": 0.3578532934188843
        },
        "1": {
            "0": 0.55730801820755,
            "1": 0.89823979139328,
            "2": 0.25993427634239197,
            "3": 0.2505244016647339
        },
        "2": {
            "0": 0.3297232389450073,
            "1": 0.25412869453430176,
            "2": 0.8913475275039673,
            "3": 0.8308162093162537
        },
        "3": {
            "0": 0.3291264772415161,
            "1": 0.26008832454681396,
            "2": 0.7977187037467957,
            "3": 0.8644986152648926
        }
    }
}