{
    "confidence_score": 0.5331137180328369,
    "ptm": 0.5625507235527039,
    "iptm": 0.0,
    "ligand_iptm": 0.0,
    "protein_iptm": 0.0,
    "complex_plddt": 0.525754451751709,
    "complex_iplddt": 0.525754451751709,
    "complex_pde": 3.274994134902954,
    "complex_ipde": 0.0,
    "chains_ptm": {
        "0": 0.5625507235527039
    },
    "pair_chains_iptm": {
        "0": {
            "0": 0.5625507235527039
        }
    }
}