{
    "confidence_score": 0.8357099890708923,
    "ptm": 0.7476250529289246,
    "iptm": 0.6826454401016235,
    "ligand_iptm": 0.0,
    "protein_iptm": 0.6826454401016235,
    "complex_plddt": 0.8739761114120483,
    "complex_iplddt": 0.8062695860862732,
    "complex_pde": 0.61187344789505,
    "complex_ipde": 8.412776947021484,
    "chains_ptm": {
        "0": 0.8994532227516174,
        "1": 0.8981560468673706
    },
    "pair_chains_iptm": {
        "0": {
            "0": 0.8994532227516174,
            "1": 0.6768707633018494
        },
        "1": {
            "0": 0.6826454401016235,
            "1": 0.8981560468673706
        }
    }
}