{
    "confidence_score": 0.6363055109977722,
    "ptm": 0.6713287234306335,
    "iptm": 0.9652618765830994,
    "ligand_iptm": 0.9652618765830994,
    "protein_iptm": 0.0,
    "complex_plddt": 0.5540663599967957,
    "complex_iplddt": 0.6833491921424866,
    "complex_pde": 2.4482581615448,
    "complex_ipde": 1.1364527940750122,
    "chains_ptm": {
        "0": 0.6522473692893982,
        "1": 0.9086465239524841
    },
    "pair_chains_iptm": {
        "0": {
            "0": 0.6522473692893982,
            "1": 0.4941292703151703
        },
        "1": {
            "0": 0.9652618765830994,
            "1": 0.9086465239524841
        }
    }
}