{
    "confidence_score": 0.8926641345024109,
    "ptm": 0.8737311363220215,
    "iptm": 0.0,
    "ligand_iptm": 0.0,
    "protein_iptm": 0.0,
    "complex_plddt": 0.8973974585533142,
    "complex_iplddt": 0.8973974585533142,
    "complex_pde": 0.44115427136421204,
    "complex_ipde": 0.0,
    "chains_ptm": {
        "0": 0.8737311363220215
    },
    "pair_chains_iptm": {
        "0": {
            "0": 0.8737311363220215
        }
    }
}