{
    "confidence_score": 0.8816787004470825,
    "ptm": 0.8703251481056213,
    "iptm": 0.0,
    "ligand_iptm": 0.0,
    "protein_iptm": 0.0,
    "complex_plddt": 0.8845170140266418,
    "complex_iplddt": 0.8845170140266418,
    "complex_pde": 0.4571080505847931,
    "complex_ipde": 0.0,
    "chains_ptm": {
        "0": 0.8703251481056213
    },
    "pair_chains_iptm": {
        "0": {
            "0": 0.8703251481056213
        }
    }
}