{
    "confidence_score": 0.8445561528205872,
    "ptm": 0.8569841980934143,
    "iptm": 0.7326117157936096,
    "ligand_iptm": 0.7326117157936096,
    "protein_iptm": 0.0,
    "complex_plddt": 0.8725422024726868,
    "complex_iplddt": 0.6059674620628357,
    "complex_pde": 0.7748134136199951,
    "complex_ipde": 5.5305657386779785,
    "chains_ptm": {
        "0": 0.8680137395858765,
        "1": 0.8287912011146545
    },
    "pair_chains_iptm": {
        "0": {
            "0": 0.8680137395858765,
            "1": 0.24742907285690308
        },
        "1": {
            "0": 0.7326117157936096,
            "1": 0.8287912011146545
        }
    }
}