{
    "confidence_score": 0.8315609097480774,
    "ptm": 0.7317158579826355,
    "iptm": 0.6544742584228516,
    "ligand_iptm": 0.0,
    "protein_iptm": 0.6544742584228516,
    "complex_plddt": 0.8758326172828674,
    "complex_iplddt": 0.8148379325866699,
    "complex_pde": 0.6288808584213257,
    "complex_ipde": 9.226470947265625,
    "chains_ptm": {
        "0": 0.8962833881378174,
        "1": 0.8956204056739807
    },
    "pair_chains_iptm": {
        "0": {
            "0": 0.8962833881378174,
            "1": 0.6470461487770081
        },
        "1": {
            "0": 0.6544742584228516,
            "1": 0.8956204056739807
        }
    }
}