{
    "confidence_score": 0.8246567845344543,
    "ptm": 0.8547302484512329,
    "iptm": 0.6284609436988831,
    "ligand_iptm": 0.6284609436988831,
    "protein_iptm": 0.0,
    "complex_plddt": 0.8737056851387024,
    "complex_iplddt": 0.6052254438400269,
    "complex_pde": 0.8735219240188599,
    "complex_ipde": 7.439363479614258,
    "chains_ptm": {
        "0": 0.8723469376564026,
        "1": 0.7986086010932922
    },
    "pair_chains_iptm": {
        "0": {
            "0": 0.8723469376564026,
            "1": 0.20221227407455444
        },
        "1": {
            "0": 0.6284609436988831,
            "1": 0.7986086010932922
        }
    }
}