{
    "confidence_score": 0.7831477522850037,
    "ptm": 0.5978138446807861,
    "iptm": 0.43717509508132935,
    "ligand_iptm": 0.0,
    "protein_iptm": 0.43717509508132935,
    "complex_plddt": 0.8696409463882446,
    "complex_iplddt": 0.8559173941612244,
    "complex_pde": 0.701140284538269,
    "complex_ipde": 7.856245994567871,
    "chains_ptm": {
        "0": 0.9245907068252563,
        "1": 0.9145245552062988,
        "2": 0.8992734551429749,
        "3": 0.8825567364692688
    },
    "pair_chains_iptm": {
        "0": {
            "0": 0.9245907068252563,
            "1": 0.5747919082641602,
            "2": 0.334113746881485,
            "3": 0.3169701099395752
        },
        "1": {
            "0": 0.5778851509094238,
            "1": 0.9145245552062988,
            "2": 0.22889478504657745,
            "3": 0.21758651733398438
        },
        "2": {
            "0": 0.35238274931907654,
            "1": 0.21720142662525177,
            "2": 0.8992734551429749,
            "3": 0.8446301221847534
        },
        "3": {
            "0": 0.34551194310188293,
            "1": 0.20954151451587677,
            "2": 0.8211908340454102,
            "3": 0.8825567364692688
        }
    }
}