{
    "confidence_score": 0.6389307975769043,
    "ptm": 0.6575364470481873,
    "iptm": 0.9620510339736938,
    "ligand_iptm": 0.9620510339736938,
    "protein_iptm": 0.0,
    "complex_plddt": 0.5581507682800293,
    "complex_iplddt": 0.6461740136146545,
    "complex_pde": 2.544365644454956,
    "complex_ipde": 1.485839605331421,
    "chains_ptm": {
        "0": 0.6376631855964661,
        "1": 0.8977531790733337
    },
    "pair_chains_iptm": {
        "0": {
            "0": 0.6376631855964661,
            "1": 0.47534146904945374
        },
        "1": {
            "0": 0.9620510339736938,
            "1": 0.8977531790733337
        }
    }
}