{
    "confidence_score": 0.8931407928466797,
    "ptm": 0.8731134533882141,
    "iptm": 0.0,
    "ligand_iptm": 0.0,
    "protein_iptm": 0.0,
    "complex_plddt": 0.8981475830078125,
    "complex_iplddt": 0.8981475830078125,
    "complex_pde": 0.44179773330688477,
    "complex_ipde": 0.0,
    "chains_ptm": {
        "0": 0.8731134533882141
    },
    "pair_chains_iptm": {
        "0": {
            "0": 0.8731134533882141
        }
    }
}