{
    "confidence_score": 0.5383976697921753,
    "ptm": 0.5685493350028992,
    "iptm": 0.0,
    "ligand_iptm": 0.0,
    "protein_iptm": 0.0,
    "complex_plddt": 0.5308597087860107,
    "complex_iplddt": 0.5308597087860107,
    "complex_pde": 3.3359274864196777,
    "complex_ipde": 0.0,
    "chains_ptm": {
        "0": 0.5685493350028992
    },
    "pair_chains_iptm": {
        "0": {
            "0": 0.5685493350028992
        }
    }
}