{
    "confidence_score": 0.7952221035957336,
    "ptm": 0.6024946570396423,
    "iptm": 0.4485224485397339,
    "ligand_iptm": 0.0,
    "protein_iptm": 0.4485224485397339,
    "complex_plddt": 0.88189697265625,
    "complex_iplddt": 0.8537237644195557,
    "complex_pde": 0.7468026280403137,
    "complex_ipde": 8.538223266601562,
    "chains_ptm": {
        "0": 0.9042742252349854,
        "1": 0.9027704000473022,
        "2": 0.8942954540252686,
        "3": 0.8667192459106445
    },
    "pair_chains_iptm": {
        "0": {
            "0": 0.9042742252349854,
            "1": 0.5953633189201355,
            "2": 0.2785623371601105,
            "3": 0.2732425034046173
        },
        "1": {
            "0": 0.5986310839653015,
            "1": 0.9027704000473022,
            "2": 0.21911156177520752,
            "3": 0.21886399388313293
        },
        "2": {
            "0": 0.2449512481689453,
            "1": 0.21929287910461426,
            "2": 0.8942954540252686,
            "3": 0.833708643913269
        },
        "3": {
            "0": 0.2440405637025833,
            "1": 0.21721139550209045,
            "2": 0.8069772124290466,
            "3": 0.8667192459106445
        }
    }
}