{
    "confidence_score": 0.533804714679718,
    "ptm": 0.5680347084999084,
    "iptm": 0.0,
    "ligand_iptm": 0.0,
    "protein_iptm": 0.0,
    "complex_plddt": 0.5252472162246704,
    "complex_iplddt": 0.5252472162246704,
    "complex_pde": 3.385985851287842,
    "complex_ipde": 0.0,
    "chains_ptm": {
        "0": 0.5680347084999084
    },
    "pair_chains_iptm": {
        "0": {
            "0": 0.5680347084999084
        }
    }
}