{
    "confidence_score": 0.890557587146759,
    "ptm": 0.8718937039375305,
    "iptm": 0.0,
    "ligand_iptm": 0.0,
    "protein_iptm": 0.0,
    "complex_plddt": 0.8952235579490662,
    "complex_iplddt": 0.8952235579490662,
    "complex_pde": 0.44549253582954407,
    "complex_ipde": 0.0,
    "chains_ptm": {
        "0": 0.8718937039375305
    },
    "pair_chains_iptm": {
        "0": {
            "0": 0.8718937039375305
        }
    }
}