{
    "confidence_score": 0.7998171448707581,
    "ptm": 0.6032905578613281,
    "iptm": 0.4527640640735626,
    "ligand_iptm": 0.0,
    "protein_iptm": 0.4527640640735626,
    "complex_plddt": 0.8865804076194763,
    "complex_iplddt": 0.8631004691123962,
    "complex_pde": 0.7237358689308167,
    "complex_ipde": 8.345013618469238,
    "chains_ptm": {
        "0": 0.9103264808654785,
        "1": 0.9099352955818176,
        "2": 0.8866592049598694,
        "3": 0.8614230155944824
    },
    "pair_chains_iptm": {
        "0": {
            "0": 0.9103264808654785,
            "1": 0.5971109867095947,
            "2": 0.3141876757144928,
            "3": 0.3024919629096985
        },
        "1": {
            "0": 0.594955325126648,
            "1": 0.9099352955818176,
            "2": 0.23167504370212555,
            "3": 0.22523817420005798
        },
        "2": {
            "0": 0.263943076133728,
            "1": 0.22560815513134003,
            "2": 0.8866592049598694,
            "3": 0.8240323066711426
        },
        "3": {
            "0": 0.2646377384662628,
            "1": 0.22804345190525055,
            "2": 0.796644389629364,
            "3": 0.8614230155944824
        }
    }
}