{
    "confidence_score": 0.9003990292549133,
    "ptm": 0.8771728277206421,
    "iptm": 0.0,
    "ligand_iptm": 0.0,
    "protein_iptm": 0.0,
    "complex_plddt": 0.9062055349349976,
    "complex_iplddt": 0.9062055349349976,
    "complex_pde": 0.45820900797843933,
    "complex_ipde": 0.0,
    "chains_ptm": {
        "0": 0.8771728277206421
    },
    "pair_chains_iptm": {
        "0": {
            "0": 0.8771728277206421
        }
    }
}