{
    "confidence_score": 0.6358698606491089,
    "ptm": 0.6636173725128174,
    "iptm": 0.95988529920578,
    "ligand_iptm": 0.95988529920578,
    "protein_iptm": 0.0,
    "complex_plddt": 0.5548659563064575,
    "complex_iplddt": 0.661801278591156,
    "complex_pde": 2.5455448627471924,
    "complex_ipde": 1.4304856061935425,
    "chains_ptm": {
        "0": 0.643848180770874,
        "1": 0.8985317349433899
    },
    "pair_chains_iptm": {
        "0": {
            "0": 0.643848180770874,
            "1": 0.4958421587944031
        },
        "1": {
            "0": 0.95988529920578,
            "1": 0.8985317349433899
        }
    }
}