{
    "confidence_score": 0.643147885799408,
    "ptm": 0.672386109828949,
    "iptm": 0.9630624055862427,
    "ligand_iptm": 0.9630624055862427,
    "protein_iptm": 0.0,
    "complex_plddt": 0.5631692409515381,
    "complex_iplddt": 0.6754277348518372,
    "complex_pde": 2.4669547080993652,
    "complex_ipde": 1.341530442237854,
    "chains_ptm": {
        "0": 0.6530216932296753,
        "1": 0.9012822508811951
    },
    "pair_chains_iptm": {
        "0": {
            "0": 0.6530216932296753,
            "1": 0.4941900968551636
        },
        "1": {
            "0": 0.9630624055862427,
            "1": 0.9012822508811951
        }
    }
}