{
    "confidence_score": 0.5229365825653076,
    "ptm": 0.5532290935516357,
    "iptm": 0.0,
    "ligand_iptm": 0.0,
    "protein_iptm": 0.0,
    "complex_plddt": 0.5153634548187256,
    "complex_iplddt": 0.5153634548187256,
    "complex_pde": 3.6170732975006104,
    "complex_ipde": 0.0,
    "chains_ptm": {
        "0": 0.5532290935516357
    },
    "pair_chains_iptm": {
        "0": {
            "0": 0.5532290935516357
        }
    }
}