{
    "confidence_score": 0.8406193852424622,
    "ptm": 0.8606219291687012,
    "iptm": 0.7137113809585571,
    "ligand_iptm": 0.7137113809585571,
    "protein_iptm": 0.0,
    "complex_plddt": 0.8723464012145996,
    "complex_iplddt": 0.5973593592643738,
    "complex_pde": 0.7873117327690125,
    "complex_ipde": 5.892178535461426,
    "chains_ptm": {
        "0": 0.8733832836151123,
        "1": 0.8032844066619873
    },
    "pair_chains_iptm": {
        "0": {
            "0": 0.8733832836151123,
            "1": 0.25011712312698364
        },
        "1": {
            "0": 0.7137113809585571,
            "1": 0.8032844066619873
        }
    }
}