{
    "confidence_score": 0.525157630443573,
    "ptm": 0.5617161393165588,
    "iptm": 0.0,
    "ligand_iptm": 0.0,
    "protein_iptm": 0.0,
    "complex_plddt": 0.5160179734230042,
    "complex_iplddt": 0.5160179734230042,
    "complex_pde": 3.4749324321746826,
    "complex_ipde": 0.0,
    "chains_ptm": {
        "0": 0.5617161393165588
    },
    "pair_chains_iptm": {
        "0": {
            "0": 0.5617161393165588
        }
    }
}