{
    "confidence_score": 0.8907192349433899,
    "ptm": 0.8724357485771179,
    "iptm": 0.0,
    "ligand_iptm": 0.0,
    "protein_iptm": 0.0,
    "complex_plddt": 0.8952900767326355,
    "complex_iplddt": 0.8952900767326355,
    "complex_pde": 0.44446122646331787,
    "complex_ipde": 0.0,
    "chains_ptm": {
        "0": 0.8724357485771179
    },
    "pair_chains_iptm": {
        "0": {
            "0": 0.8724357485771179
        }
    }
}