{
    "confidence_score": 0.5291121602058411,
    "ptm": 0.577930212020874,
    "iptm": 0.0,
    "ligand_iptm": 0.0,
    "protein_iptm": 0.0,
    "complex_plddt": 0.5169076323509216,
    "complex_iplddt": 0.5169076323509216,
    "complex_pde": 3.4297397136688232,
    "complex_ipde": 0.0,
    "chains_ptm": {
        "0": 0.577930212020874
    },
    "pair_chains_iptm": {
        "0": {
            "0": 0.577930212020874
        }
    }
}