{
    "confidence_score": 0.6443001627922058,
    "ptm": 0.7371461391448975,
    "iptm": 0.970146119594574,
    "ligand_iptm": 0.970146119594574,
    "protein_iptm": 0.0,
    "complex_plddt": 0.5628386735916138,
    "complex_iplddt": 0.691385805606842,
    "complex_pde": 2.1009414196014404,
    "complex_ipde": 1.151511788368225,
    "chains_ptm": {
        "0": 0.7218032479286194,
        "1": 0.9121978282928467
    },
    "pair_chains_iptm": {
        "0": {
            "0": 0.7218032479286194,
            "1": 0.553135335445404
        },
        "1": {
            "0": 0.970146119594574,
            "1": 0.9121978282928467
        }
    }
}