{
    "confidence_score": 0.6333402991294861,
    "ptm": 0.8060368299484253,
    "iptm": 0.9702038168907166,
    "ligand_iptm": 0.9702038168907166,
    "protein_iptm": 0.0,
    "complex_plddt": 0.5491243600845337,
    "complex_iplddt": 0.6322044134140015,
    "complex_pde": 1.6282850503921509,
    "complex_ipde": 0.9230090379714966,
    "chains_ptm": {
        "0": 0.7959389090538025,
        "1": 0.9046903848648071
    },
    "pair_chains_iptm": {
        "0": {
            "0": 0.7959389090538025,
            "1": 0.5698246955871582
        },
        "1": {
            "0": 0.9702038168907166,
            "1": 0.9046903848648071
        }
    }
}