{
    "confidence_score": 0.8203217387199402,
    "ptm": 0.8675817251205444,
    "iptm": 0.6879269480705261,
    "ligand_iptm": 0.6879269480705261,
    "protein_iptm": 0.0,
    "complex_plddt": 0.8534204959869385,
    "complex_iplddt": 0.49296361207962036,
    "complex_pde": 0.7303986549377441,
    "complex_ipde": 5.135303974151611,
    "chains_ptm": {
        "0": 0.880463182926178,
        "1": 0.8186444640159607
    },
    "pair_chains_iptm": {
        "0": {
            "0": 0.880463182926178,
            "1": 0.24838919937610626
        },
        "1": {
            "0": 0.6879269480705261,
            "1": 0.8186444640159607
        }
    }
}