{
    "confidence_score": 0.7990264296531677,
    "ptm": 0.6325520277023315,
    "iptm": 0.5505876541137695,
    "ligand_iptm": 0.0,
    "protein_iptm": 0.5505876541137695,
    "complex_plddt": 0.8611360788345337,
    "complex_iplddt": 0.8239966630935669,
    "complex_pde": 0.6996187567710876,
    "complex_ipde": 7.483266353607178,
    "chains_ptm": {
        "0": 0.9032793045043945,
        "1": 0.899539053440094,
        "2": 0.8971691131591797,
        "3": 0.8762788772583008
    },
    "pair_chains_iptm": {
        "0": {
            "0": 0.9032793045043945,
            "1": 0.7543730735778809,
            "2": 0.26884767413139343,
            "3": 0.2867629826068878
        },
        "1": {
            "0": 0.7519972324371338,
            "1": 0.899539053440094,
            "2": 0.24537542462348938,
            "3": 0.24043883383274078
        },
        "2": {
            "0": 0.2796533405780792,
            "1": 0.25540074706077576,
            "2": 0.8971691131591797,
            "3": 0.826831579208374
        },
        "3": {
            "0": 0.28033187985420227,
            "1": 0.2573488652706146,
            "2": 0.8099969625473022,
            "3": 0.8762788772583008
        }
    }
}