{
    "confidence_score": 0.8934525847434998,
    "ptm": 0.8730934858322144,
    "iptm": 0.0,
    "ligand_iptm": 0.0,
    "protein_iptm": 0.0,
    "complex_plddt": 0.8985423445701599,
    "complex_iplddt": 0.8985423445701599,
    "complex_pde": 0.4471779465675354,
    "complex_ipde": 0.0,
    "chains_ptm": {
        "0": 0.8730934858322144
    },
    "pair_chains_iptm": {
        "0": {
            "0": 0.8730934858322144
        }
    }
}