{
    "confidence_score": 0.830062210559845,
    "ptm": 0.743975043296814,
    "iptm": 0.6544222831726074,
    "ligand_iptm": 0.0,
    "protein_iptm": 0.6544222831726074,
    "complex_plddt": 0.8739721775054932,
    "complex_iplddt": 0.8186512589454651,
    "complex_pde": 0.5871933102607727,
    "complex_ipde": 7.884171962738037,
    "chains_ptm": {
        "0": 0.8991095423698425,
        "1": 0.8994359374046326
    },
    "pair_chains_iptm": {
        "0": {
            "0": 0.8991095423698425,
            "1": 0.651366651058197
        },
        "1": {
            "0": 0.6544222831726074,
            "1": 0.8994359374046326
        }
    }
}