{
    "confidence_score": 0.523863673210144,
    "ptm": 0.5664090514183044,
    "iptm": 0.0,
    "ligand_iptm": 0.0,
    "protein_iptm": 0.0,
    "complex_plddt": 0.5132272839546204,
    "complex_iplddt": 0.5132272839546204,
    "complex_pde": 3.4978466033935547,
    "complex_ipde": 0.0,
    "chains_ptm": {
        "0": 0.5664090514183044
    },
    "pair_chains_iptm": {
        "0": {
            "0": 0.5664090514183044
        }
    }
}