{
    "confidence_score": 0.9021593332290649,
    "ptm": 0.8792776465415955,
    "iptm": 0.0,
    "ligand_iptm": 0.0,
    "protein_iptm": 0.0,
    "complex_plddt": 0.9078797698020935,
    "complex_iplddt": 0.9078797698020935,
    "complex_pde": 0.4518578350543976,
    "complex_ipde": 0.0,
    "chains_ptm": {
        "0": 0.8792776465415955
    },
    "pair_chains_iptm": {
        "0": {
            "0": 0.8792776465415955
        }
    }
}