{
    "confidence_score": 0.9028467535972595,
    "ptm": 0.8828520178794861,
    "iptm": 0.0,
    "ligand_iptm": 0.0,
    "protein_iptm": 0.0,
    "complex_plddt": 0.9078454375267029,
    "complex_iplddt": 0.9078454375267029,
    "complex_pde": 0.4443342089653015,
    "complex_ipde": 0.0,
    "chains_ptm": {
        "0": 0.8828520178794861
    },
    "pair_chains_iptm": {
        "0": {
            "0": 0.8828520178794861
        }
    }
}