{
    "confidence_score": 0.8905848860740662,
    "ptm": 0.8732012510299683,
    "iptm": 0.0,
    "ligand_iptm": 0.0,
    "protein_iptm": 0.0,
    "complex_plddt": 0.8949307203292847,
    "complex_iplddt": 0.8949307203292847,
    "complex_pde": 0.4436059892177582,
    "complex_ipde": 0.0,
    "chains_ptm": {
        "0": 0.8732012510299683
    },
    "pair_chains_iptm": {
        "0": {
            "0": 0.8732012510299683
        }
    }
}