{
    "confidence_score": 0.8063634037971497,
    "ptm": 0.6161417961120605,
    "iptm": 0.4992372691631317,
    "ligand_iptm": 0.0,
    "protein_iptm": 0.4992372691631317,
    "complex_plddt": 0.8831449151039124,
    "complex_iplddt": 0.8611140847206116,
    "complex_pde": 0.7050859332084656,
    "complex_ipde": 7.965350151062012,
    "chains_ptm": {
        "0": 0.9058582782745361,
        "1": 0.9052529335021973,
        "2": 0.9006928205490112,
        "3": 0.8660654425621033
    },
    "pair_chains_iptm": {
        "0": {
            "0": 0.9058582782745361,
            "1": 0.7031360268592834,
            "2": 0.24593695998191833,
            "3": 0.24250514805316925
        },
        "1": {
            "0": 0.7070551514625549,
            "1": 0.9052529335021973,
            "2": 0.20864787697792053,
            "3": 0.2031853049993515
        },
        "2": {
            "0": 0.21618054807186127,
            "1": 0.20286661386489868,
            "2": 0.9006928205490112,
            "3": 0.839548647403717
        },
        "3": {
            "0": 0.22123204171657562,
            "1": 0.20623938739299774,
            "2": 0.8087660670280457,
            "3": 0.8660654425621033
        }
    }
}