{
    "confidence_score": 0.7958486676216125,
    "ptm": 0.5980537533760071,
    "iptm": 0.4459436237812042,
    "ligand_iptm": 0.0,
    "protein_iptm": 0.4459436237812042,
    "complex_plddt": 0.883324921131134,
    "complex_iplddt": 0.8583095073699951,
    "complex_pde": 0.7400747537612915,
    "complex_ipde": 8.526555061340332,
    "chains_ptm": {
        "0": 0.9103907346725464,
        "1": 0.905705451965332,
        "2": 0.8886450529098511,
        "3": 0.8685771822929382
    },
    "pair_chains_iptm": {
        "0": {
            "0": 0.9103907346725464,
            "1": 0.6022952795028687,
            "2": 0.2711149752140045,
            "3": 0.26339012384414673
        },
        "1": {
            "0": 0.6024971008300781,
            "1": 0.905705451965332,
            "2": 0.22130179405212402,
            "3": 0.20539899170398712
        },
        "2": {
            "0": 0.24674631655216217,
            "1": 0.20450401306152344,
            "2": 0.8886450529098511,
            "3": 0.8261899948120117
        },
        "3": {
            "0": 0.2508210241794586,
            "1": 0.20368359982967377,
            "2": 0.8039198517799377,
            "3": 0.8685771822929382
        }
    }
}