{
    "confidence_score": 0.7986427545547485,
    "ptm": 0.6314228773117065,
    "iptm": 0.5310455560684204,
    "ligand_iptm": 0.0,
    "protein_iptm": 0.5310455560684204,
    "complex_plddt": 0.8655419945716858,
    "complex_iplddt": 0.8227749466896057,
    "complex_pde": 0.6954249143600464,
    "complex_ipde": 7.409695625305176,
    "chains_ptm": {
        "0": 0.90693598985672,
        "1": 0.9016664624214172,
        "2": 0.8928605914115906,
        "3": 0.8744785189628601
    },
    "pair_chains_iptm": {
        "0": {
            "0": 0.90693598985672,
            "1": 0.7552688121795654,
            "2": 0.23226676881313324,
            "3": 0.23234741389751434
        },
        "1": {
            "0": 0.7559031844139099,
            "1": 0.9016664624214172,
            "2": 0.20599055290222168,
            "3": 0.20040832459926605
        },
        "2": {
            "0": 0.22587990760803223,
            "1": 0.20432540774345398,
            "2": 0.8928605914115906,
            "3": 0.8358342051506042
        },
        "3": {
            "0": 0.218882218003273,
            "1": 0.2048833817243576,
            "2": 0.8027526140213013,
            "3": 0.8744785189628601
        }
    }
}