{
    "confidence_score": 0.8934019207954407,
    "ptm": 0.8690601587295532,
    "iptm": 0.0,
    "ligand_iptm": 0.0,
    "protein_iptm": 0.0,
    "complex_plddt": 0.8994873762130737,
    "complex_iplddt": 0.8994873762130737,
    "complex_pde": 0.4533911347389221,
    "complex_ipde": 0.0,
    "chains_ptm": {
        "0": 0.8690601587295532
    },
    "pair_chains_iptm": {
        "0": {
            "0": 0.8690601587295532
        }
    }
}