{
    "confidence_score": 0.7605916857719421,
    "ptm": 0.47361743450164795,
    "iptm": 0.3171258270740509,
    "ligand_iptm": 0.0,
    "protein_iptm": 0.3171258270740509,
    "complex_plddt": 0.8714581727981567,
    "complex_iplddt": 0.866481602191925,
    "complex_pde": 0.81484454870224,
    "complex_ipde": 11.156039237976074,
    "chains_ptm": {
        "0": 0.9132695198059082,
        "1": 0.9072577357292175,
        "2": 0.9128639698028564,
        "3": 0.893639087677002
    },
    "pair_chains_iptm": {
        "0": {
            "0": 0.9132695198059082,
            "1": 0.23687972128391266,
            "2": 0.2254650890827179,
            "3": 0.22120808064937592
        },
        "1": {
            "0": 0.23465581238269806,
            "1": 0.9072577357292175,
            "2": 0.2408161461353302,
            "3": 0.24016445875167847
        },
        "2": {
            "0": 0.22474439442157745,
            "1": 0.24278315901756287,
            "2": 0.9128639698028564,
            "3": 0.8366677761077881
        },
        "3": {
            "0": 0.23108862340450287,
            "1": 0.2634120285511017,
            "2": 0.8208515048027039,
            "3": 0.893639087677002
        }
    }
}