{
    "confidence_score": 0.7907649874687195,
    "ptm": 0.5968270897865295,
    "iptm": 0.4454350173473358,
    "ligand_iptm": 0.0,
    "protein_iptm": 0.4454350173473358,
    "complex_plddt": 0.877097487449646,
    "complex_iplddt": 0.854651153087616,
    "complex_pde": 0.7337175607681274,
    "complex_ipde": 8.32445240020752,
    "chains_ptm": {
        "0": 0.900453507900238,
        "1": 0.9010705947875977,
        "2": 0.8871689438819885,
        "3": 0.8606995940208435
    },
    "pair_chains_iptm": {
        "0": {
            "0": 0.900453507900238,
            "1": 0.5893873572349548,
            "2": 0.3117396831512451,
            "3": 0.30211982131004333
        },
        "1": {
            "0": 0.5847002267837524,
            "1": 0.9010705947875977,
            "2": 0.2328905165195465,
            "3": 0.22600597143173218
        },
        "2": {
            "0": 0.26703548431396484,
            "1": 0.226140096783638,
            "2": 0.8871689438819885,
            "3": 0.8267152905464172
        },
        "3": {
            "0": 0.26611894369125366,
            "1": 0.22806316614151,
            "2": 0.8011085987091064,
            "3": 0.8606995940208435
        }
    }
}