{
    "confidence_score": 0.86052006483078,
    "ptm": 0.7751904726028442,
    "iptm": 0.7333446145057678,
    "ligand_iptm": 0.0,
    "protein_iptm": 0.7333446145057678,
    "complex_plddt": 0.8923139572143555,
    "complex_iplddt": 0.8195787072181702,
    "complex_pde": 0.5332484841346741,
    "complex_ipde": 5.356839656829834,
    "chains_ptm": {
        "0": 0.9122957587242126,
        "1": 0.9116336107254028
    },
    "pair_chains_iptm": {
        "0": {
            "0": 0.9122957587242126,
            "1": 0.7235512137413025
        },
        "1": {
            "0": 0.7333446145057678,
            "1": 0.9116336107254028
        }
    }
}