{
    "confidence_score": 0.785322368144989,
    "ptm": 0.593374490737915,
    "iptm": 0.4513627886772156,
    "ligand_iptm": 0.0,
    "protein_iptm": 0.4513627886772156,
    "complex_plddt": 0.8688122034072876,
    "complex_iplddt": 0.857146680355072,
    "complex_pde": 0.7587460875511169,
    "complex_ipde": 8.676513671875,
    "chains_ptm": {
        "0": 0.9080632328987122,
        "1": 0.8991194367408752,
        "2": 0.8969210982322693,
        "3": 0.8766278028488159
    },
    "pair_chains_iptm": {
        "0": {
            "0": 0.9080632328987122,
            "1": 0.6241399645805359,
            "2": 0.24529381096363068,
            "3": 0.24589332938194275
        },
        "1": {
            "0": 0.6274077296257019,
            "1": 0.8991194367408752,
            "2": 0.20597203075885773,
            "3": 0.19504296779632568
        },
        "2": {
            "0": 0.2348281890153885,
            "1": 0.20291800796985626,
            "2": 0.8969210982322693,
            "3": 0.839028537273407
        },
        "3": {
            "0": 0.22864800691604614,
            "1": 0.20384076237678528,
            "2": 0.811869204044342,
            "3": 0.8766278028488159
        }
    }
}