{
    "confidence_score": 0.746907651424408,
    "ptm": 0.47902989387512207,
    "iptm": 0.30346816778182983,
    "ligand_iptm": 0.0,
    "protein_iptm": 0.30346816778182983,
    "complex_plddt": 0.8577675223350525,
    "complex_iplddt": 0.8298464417457581,
    "complex_pde": 0.8538424372673035,
    "complex_ipde": 11.282490730285645,
    "chains_ptm": {
        "0": 0.9038313031196594,
        "1": 0.8972832560539246,
        "2": 0.8966208100318909,
        "3": 0.8792893886566162
    },
    "pair_chains_iptm": {
        "0": {
            "0": 0.9038313031196594,
            "1": 0.2824817895889282,
            "2": 0.24135810136795044,
            "3": 0.2381419688463211
        },
        "1": {
            "0": 0.2796488404273987,
            "1": 0.8972832560539246,
            "2": 0.20251977443695068,
            "3": 0.19467835128307343
        },
        "2": {
            "0": 0.2358473539352417,
            "1": 0.18775762617588043,
            "2": 0.8966208100318909,
            "3": 0.8420279622077942
        },
        "3": {
            "0": 0.2294735461473465,
            "1": 0.1938081830739975,
            "2": 0.8119586110115051,
            "3": 0.8792893886566162
        }
    }
}