{
    "confidence_score": 0.8385559320449829,
    "ptm": 0.743427574634552,
    "iptm": 0.6448991894721985,
    "ligand_iptm": 0.0,
    "protein_iptm": 0.6448991894721985,
    "complex_plddt": 0.886970043182373,
    "complex_iplddt": 0.8078107833862305,
    "complex_pde": 0.590503454208374,
    "complex_ipde": 7.440263748168945,
    "chains_ptm": {
        "0": 0.9011087417602539,
        "1": 0.9006609916687012
    },
    "pair_chains_iptm": {
        "0": {
            "0": 0.9011087417602539,
            "1": 0.6366652250289917
        },
        "1": {
            "0": 0.6448991894721985,
            "1": 0.9006609916687012
        }
    }
}