{
    "confidence_score": 0.5400170087814331,
    "ptm": 0.5612475872039795,
    "iptm": 0.0,
    "ligand_iptm": 0.0,
    "protein_iptm": 0.0,
    "complex_plddt": 0.5347093343734741,
    "complex_iplddt": 0.5347093343734741,
    "complex_pde": 3.381757974624634,
    "complex_ipde": 0.0,
    "chains_ptm": {
        "0": 0.5612475872039795
    },
    "pair_chains_iptm": {
        "0": {
            "0": 0.5612475872039795
        }
    }
}