{
    "confidence_score": 0.7936763167381287,
    "ptm": 0.6100979447364807,
    "iptm": 0.49690136313438416,
    "ligand_iptm": 0.0,
    "protein_iptm": 0.49690136313438416,
    "complex_plddt": 0.8678700923919678,
    "complex_iplddt": 0.8293772339820862,
    "complex_pde": 0.7441853284835815,
    "complex_ipde": 8.36717700958252,
    "chains_ptm": {
        "0": 0.9072630405426025,
        "1": 0.9008388519287109,
        "2": 0.9066103100776672,
        "3": 0.8858414888381958
    },
    "pair_chains_iptm": {
        "0": {
            "0": 0.9072630405426025,
            "1": 0.7031581997871399,
            "2": 0.23968790471553802,
            "3": 0.2316359132528305
        },
        "1": {
            "0": 0.6842124462127686,
            "1": 0.9008388519287109,
            "2": 0.20178505778312683,
            "3": 0.19135935604572296
        },
        "2": {
            "0": 0.2359478920698166,
            "1": 0.20521464943885803,
            "2": 0.9066103100776672,
            "3": 0.8489607572555542
        },
        "3": {
            "0": 0.22206655144691467,
            "1": 0.19809967279434204,
            "2": 0.8172304034233093,
            "3": 0.8858414888381958
        }
    }
}