{
    "confidence_score": 0.5210809707641602,
    "ptm": 0.5562450885772705,
    "iptm": 0.0,
    "ligand_iptm": 0.0,
    "protein_iptm": 0.0,
    "complex_plddt": 0.5122899413108826,
    "complex_iplddt": 0.5122899413108826,
    "complex_pde": 3.533804178237915,
    "complex_ipde": 0.0,
    "chains_ptm": {
        "0": 0.5562450885772705
    },
    "pair_chains_iptm": {
        "0": {
            "0": 0.5562450885772705
        }
    }
}