{
    "confidence_score": 0.7966701984405518,
    "ptm": 0.6908442378044128,
    "iptm": 0.5431224703788757,
    "ligand_iptm": 0.0,
    "protein_iptm": 0.5431224703788757,
    "complex_plddt": 0.8600571155548096,
    "complex_iplddt": 0.7794078588485718,
    "complex_pde": 0.6981680989265442,
    "complex_ipde": 10.929771423339844,
    "chains_ptm": {
        "0": 0.8923779726028442,
        "1": 0.8913031816482544
    },
    "pair_chains_iptm": {
        "0": {
            "0": 0.8923779726028442,
            "1": 0.5361270308494568
        },
        "1": {
            "0": 0.5431224703788757,
            "1": 0.8913031816482544
        }
    }
}