{
    "confidence_score": 0.6415771842002869,
    "ptm": 0.7458702325820923,
    "iptm": 0.9657703638076782,
    "ligand_iptm": 0.9657703638076782,
    "protein_iptm": 0.0,
    "complex_plddt": 0.5605288743972778,
    "complex_iplddt": 0.662902295589447,
    "complex_pde": 1.8877941370010376,
    "complex_ipde": 1.0325454473495483,
    "chains_ptm": {
        "0": 0.7311961054801941,
        "1": 0.8865978717803955
    },
    "pair_chains_iptm": {
        "0": {
            "0": 0.7311961054801941,
            "1": 0.5099189877510071
        },
        "1": {
            "0": 0.9657703638076782,
            "1": 0.8865978717803955
        }
    }
}