{
    "confidence_score": 0.7924561500549316,
    "ptm": 0.5984820127487183,
    "iptm": 0.4427848160266876,
    "ligand_iptm": 0.0,
    "protein_iptm": 0.4427848160266876,
    "complex_plddt": 0.8798739910125732,
    "complex_iplddt": 0.8596717119216919,
    "complex_pde": 0.6758074760437012,
    "complex_ipde": 7.506397247314453,
    "chains_ptm": {
        "0": 0.9224624037742615,
        "1": 0.9138365387916565,
        "2": 0.9132214784622192,
        "3": 0.8904349207878113
    },
    "pair_chains_iptm": {
        "0": {
            "0": 0.9224624037742615,
            "1": 0.5659404993057251,
            "2": 0.33897989988327026,
            "3": 0.3334333002567291
        },
        "1": {
            "0": 0.5675406455993652,
            "1": 0.9138365387916565,
            "2": 0.2736104428768158,
            "3": 0.2785837948322296
        },
        "2": {
            "0": 0.3782316744327545,
            "1": 0.3063175082206726,
            "2": 0.9132214784622192,
            "3": 0.8527290225028992
        },
        "3": {
            "0": 0.38448038697242737,
            "1": 0.3213203251361847,
            "2": 0.8332647681236267,
            "3": 0.8904349207878113
        }
    }
}