{
    "confidence_score": 0.8467153906822205,
    "ptm": 0.7567523717880249,
    "iptm": 0.6782065629959106,
    "ligand_iptm": 0.0,
    "protein_iptm": 0.6782065629959106,
    "complex_plddt": 0.8888425827026367,
    "complex_iplddt": 0.803776741027832,
    "complex_pde": 0.5584236979484558,
    "complex_ipde": 6.5057806968688965,
    "chains_ptm": {
        "0": 0.9115097522735596,
        "1": 0.9093770980834961
    },
    "pair_chains_iptm": {
        "0": {
            "0": 0.9115097522735596,
            "1": 0.6782065629959106
        },
        "1": {
            "0": 0.6615575551986694,
            "1": 0.9093770980834961
        }
    }
}