{
    "confidence_score": 0.533129870891571,
    "ptm": 0.5538537502288818,
    "iptm": 0.0,
    "ligand_iptm": 0.0,
    "protein_iptm": 0.0,
    "complex_plddt": 0.5279488563537598,
    "complex_iplddt": 0.5279488563537598,
    "complex_pde": 3.3777050971984863,
    "complex_ipde": 0.0,
    "chains_ptm": {
        "0": 0.5538537502288818
    },
    "pair_chains_iptm": {
        "0": {
            "0": 0.5538537502288818
        }
    }
}