{
    "confidence_score": 0.8405361175537109,
    "ptm": 0.7470199465751648,
    "iptm": 0.6910378932952881,
    "ligand_iptm": 0.0,
    "protein_iptm": 0.6910378932952881,
    "complex_plddt": 0.8779106140136719,
    "complex_iplddt": 0.8137868046760559,
    "complex_pde": 0.617770254611969,
    "complex_ipde": 8.687482833862305,
    "chains_ptm": {
        "0": 0.8980540633201599,
        "1": 0.8984668254852295
    },
    "pair_chains_iptm": {
        "0": {
            "0": 0.8980540633201599,
            "1": 0.6910378932952881
        },
        "1": {
            "0": 0.684995710849762,
            "1": 0.8984668254852295
        }
    }
}