{
    "confidence_score": 0.7379406094551086,
    "ptm": 0.8369673490524292,
    "iptm": 0.26332077383995056,
    "ligand_iptm": 0.26332077383995056,
    "protein_iptm": 0.0,
    "complex_plddt": 0.8565955758094788,
    "complex_iplddt": 0.4324035346508026,
    "complex_pde": 1.1991219520568848,
    "complex_ipde": 12.594008445739746,
    "chains_ptm": {
        "0": 0.8737220168113708,
        "1": 0.8189647197723389
    },
    "pair_chains_iptm": {
        "0": {
            "0": 0.8737220168113708,
            "1": 0.09933877736330032
        },
        "1": {
            "0": 0.26332077383995056,
            "1": 0.8189647197723389
        }
    }
}