{
    "confidence_score": 0.9032910466194153,
    "ptm": 0.8813393115997314,
    "iptm": 0.0,
    "ligand_iptm": 0.0,
    "protein_iptm": 0.0,
    "complex_plddt": 0.908778965473175,
    "complex_iplddt": 0.908778965473175,
    "complex_pde": 0.44636473059654236,
    "complex_ipde": 0.0,
    "chains_ptm": {
        "0": 0.8813393115997314
    },
    "pair_chains_iptm": {
        "0": {
            "0": 0.8813393115997314
        }
    }
}