{
    "confidence_score": 0.5395294427871704,
    "ptm": 0.5753816366195679,
    "iptm": 0.0,
    "ligand_iptm": 0.0,
    "protein_iptm": 0.0,
    "complex_plddt": 0.5305663347244263,
    "complex_iplddt": 0.5305663347244263,
    "complex_pde": 3.3480281829833984,
    "complex_ipde": 0.0,
    "chains_ptm": {
        "0": 0.5753816366195679
    },
    "pair_chains_iptm": {
        "0": {
            "0": 0.5753816366195679
        }
    }
}