{
    "confidence_score": 0.8289189338684082,
    "ptm": 0.8519769906997681,
    "iptm": 0.6527287364006042,
    "ligand_iptm": 0.6527287364006042,
    "protein_iptm": 0.0,
    "complex_plddt": 0.872966468334198,
    "complex_iplddt": 0.5504719614982605,
    "complex_pde": 0.832720935344696,
    "complex_ipde": 6.438939571380615,
    "chains_ptm": {
        "0": 0.8688060641288757,
        "1": 0.8178020119667053
    },
    "pair_chains_iptm": {
        "0": {
            "0": 0.8688060641288757,
            "1": 0.20119941234588623
        },
        "1": {
            "0": 0.6527287364006042,
            "1": 0.8178020119667053
        }
    }
}