{
    "confidence_score": 0.7978331446647644,
    "ptm": 0.615727424621582,
    "iptm": 0.508587658405304,
    "ligand_iptm": 0.0,
    "protein_iptm": 0.508587658405304,
    "complex_plddt": 0.8701444864273071,
    "complex_iplddt": 0.8569382429122925,
    "complex_pde": 0.7366182208061218,
    "complex_ipde": 8.387718200683594,
    "chains_ptm": {
        "0": 0.9077357649803162,
        "1": 0.9011430740356445,
        "2": 0.8978968262672424,
        "3": 0.8789820671081543
    },
    "pair_chains_iptm": {
        "0": {
            "0": 0.9077357649803162,
            "1": 0.7229753732681274,
            "2": 0.22996601462364197,
            "3": 0.22910363972187042
        },
        "1": {
            "0": 0.72599196434021,
            "1": 0.9011430740356445,
            "2": 0.20232801139354706,
            "3": 0.191636860370636
        },
        "2": {
            "0": 0.22379529476165771,
            "1": 0.19699479639530182,
            "2": 0.8978968262672424,
            "3": 0.8389437794685364
        },
        "3": {
            "0": 0.21466664969921112,
            "1": 0.196649432182312,
            "2": 0.8098351359367371,
            "3": 0.8789820671081543
        }
    }
}