{
    "confidence_score": 0.8013405799865723,
    "ptm": 0.6877521872520447,
    "iptm": 0.5240635275840759,
    "ligand_iptm": 0.0,
    "protein_iptm": 0.5240635275840759,
    "complex_plddt": 0.8706598281860352,
    "complex_iplddt": 0.7939902544021606,
    "complex_pde": 0.6533740758895874,
    "complex_ipde": 11.185093879699707,
    "chains_ptm": {
        "0": 0.8947168588638306,
        "1": 0.8966948390007019
    },
    "pair_chains_iptm": {
        "0": {
            "0": 0.8947168588638306,
            "1": 0.5183845162391663
        },
        "1": {
            "0": 0.5240635275840759,
            "1": 0.8966948390007019
        }
    }
}