{
    "confidence_score": 0.856010377407074,
    "ptm": 0.7691373229026794,
    "iptm": 0.7193590402603149,
    "ligand_iptm": 0.0,
    "protein_iptm": 0.7193590402603149,
    "complex_plddt": 0.8901731371879578,
    "complex_iplddt": 0.8027558326721191,
    "complex_pde": 0.5704335570335388,
    "complex_ipde": 6.586790084838867,
    "chains_ptm": {
        "0": 0.9080613851547241,
        "1": 0.9079006314277649
    },
    "pair_chains_iptm": {
        "0": {
            "0": 0.9080613851547241,
            "1": 0.718583345413208
        },
        "1": {
            "0": 0.7193590402603149,
            "1": 0.9079006314277649
        }
    }
}