{
    "confidence_score": 0.6402013301849365,
    "ptm": 0.6296977400779724,
    "iptm": 0.9575087428092957,
    "ligand_iptm": 0.9575087428092957,
    "protein_iptm": 0.0,
    "complex_plddt": 0.5608744621276855,
    "complex_iplddt": 0.6688098311424255,
    "complex_pde": 2.715327024459839,
    "complex_ipde": 1.613227128982544,
    "chains_ptm": {
        "0": 0.6079230904579163,
        "1": 0.8894982933998108
    },
    "pair_chains_iptm": {
        "0": {
            "0": 0.6079230904579163,
            "1": 0.4616106152534485
        },
        "1": {
            "0": 0.9575087428092957,
            "1": 0.8894982933998108
        }
    }
}