{
    "confidence_score": 0.8930339813232422,
    "ptm": 0.8702229261398315,
    "iptm": 0.0,
    "ligand_iptm": 0.0,
    "protein_iptm": 0.0,
    "complex_plddt": 0.8987367749214172,
    "complex_iplddt": 0.8987367749214172,
    "complex_pde": 0.43266353011131287,
    "complex_ipde": 0.0,
    "chains_ptm": {
        "0": 0.8702229261398315
    },
    "pair_chains_iptm": {
        "0": {
            "0": 0.8702229261398315
        }
    }
}