{
    "confidence_score": 0.5324336886405945,
    "ptm": 0.5518933534622192,
    "iptm": 0.0,
    "ligand_iptm": 0.0,
    "protein_iptm": 0.0,
    "complex_plddt": 0.5275687575340271,
    "complex_iplddt": 0.5275687575340271,
    "complex_pde": 3.484489917755127,
    "complex_ipde": 0.0,
    "chains_ptm": {
        "0": 0.5518933534622192
    },
    "pair_chains_iptm": {
        "0": {
            "0": 0.5518933534622192
        }
    }
}