{
    "confidence_score": 0.814910352230072,
    "ptm": 0.8447777032852173,
    "iptm": 0.6279240846633911,
    "ligand_iptm": 0.6279240846633911,
    "protein_iptm": 0.0,
    "complex_plddt": 0.8616568446159363,
    "complex_iplddt": 0.5309964418411255,
    "complex_pde": 0.8680736422538757,
    "complex_ipde": 6.810066223144531,
    "chains_ptm": {
        "0": 0.8633216619491577,
        "1": 0.8171612024307251
    },
    "pair_chains_iptm": {
        "0": {
            "0": 0.8633216619491577,
            "1": 0.1897367238998413
        },
        "1": {
            "0": 0.6279240846633911,
            "1": 0.8171612024307251
        }
    }
}