{
    "confidence_score": 0.8457034230232239,
    "ptm": 0.7722804546356201,
    "iptm": 0.7295692563056946,
    "ligand_iptm": 0.0,
    "protein_iptm": 0.7295692563056946,
    "complex_plddt": 0.8747369050979614,
    "complex_iplddt": 0.7987908124923706,
    "complex_pde": 0.5660429000854492,
    "complex_ipde": 6.6553192138671875,
    "chains_ptm": {
        "0": 0.9011170268058777,
        "1": 0.9006761908531189
    },
    "pair_chains_iptm": {
        "0": {
            "0": 0.9011170268058777,
            "1": 0.7209240794181824
        },
        "1": {
            "0": 0.7295692563056946,
            "1": 0.9006761908531189
        }
    }
}