{
    "confidence_score": 0.8516042828559875,
    "ptm": 0.8674492835998535,
    "iptm": 0.7714561820030212,
    "ligand_iptm": 0.7714561820030212,
    "protein_iptm": 0.0,
    "complex_plddt": 0.8716413378715515,
    "complex_iplddt": 0.5992205142974854,
    "complex_pde": 0.7166173458099365,
    "complex_ipde": 4.92252779006958,
    "chains_ptm": {
        "0": 0.8764785528182983,
        "1": 0.8313968181610107
    },
    "pair_chains_iptm": {
        "0": {
            "0": 0.8764785528182983,
            "1": 0.27149930596351624
        },
        "1": {
            "0": 0.7714561820030212,
            "1": 0.8313968181610107
        }
    }
}