{
    "confidence_score": 0.7910439372062683,
    "ptm": 0.6152840256690979,
    "iptm": 0.3809328079223633,
    "ligand_iptm": 0.0,
    "protein_iptm": 0.3809328079223633,
    "complex_plddt": 0.893571674823761,
    "complex_iplddt": 0.8894776701927185,
    "complex_pde": 0.6547049283981323,
    "complex_ipde": 6.76626443862915,
    "chains_ptm": {
        "0": 0.9079892635345459,
        "1": 0.8839874267578125,
        "2": 0.8649860620498657
    },
    "pair_chains_iptm": {
        "0": {
            "0": 0.9079892635345459,
            "1": 0.23270289599895477,
            "2": 0.23072271049022675
        },
        "1": {
            "0": 0.23002667725086212,
            "1": 0.8839874267578125,
            "2": 0.8438873887062073
        },
        "2": {
            "0": 0.2121618688106537,
            "1": 0.8086807131767273,
            "2": 0.8649860620498657
        }
    }
}