{
    "confidence_score": 0.8930530548095703,
    "ptm": 0.86866694688797,
    "iptm": 0.0,
    "ligand_iptm": 0.0,
    "protein_iptm": 0.0,
    "complex_plddt": 0.8991495370864868,
    "complex_iplddt": 0.8991495370864868,
    "complex_pde": 0.4518452286720276,
    "complex_ipde": 0.0,
    "chains_ptm": {
        "0": 0.86866694688797
    },
    "pair_chains_iptm": {
        "0": {
            "0": 0.86866694688797
        }
    }
}