{
    "confidence_score": 0.7883326411247253,
    "ptm": 0.6566003561019897,
    "iptm": 0.4710504114627838,
    "ligand_iptm": 0.0,
    "protein_iptm": 0.4710504114627838,
    "complex_plddt": 0.8676531314849854,
    "complex_iplddt": 0.7984634041786194,
    "complex_pde": 0.7170535922050476,
    "complex_ipde": 13.107391357421875,
    "chains_ptm": {
        "0": 0.8908739686012268,
        "1": 0.8911424875259399
    },
    "pair_chains_iptm": {
        "0": {
            "0": 0.8908739686012268,
            "1": 0.4647899568080902
        },
        "1": {
            "0": 0.4710504114627838,
            "1": 0.8911424875259399
        }
    }
}