{
    "confidence_score": 0.7918511629104614,
    "ptm": 0.6445552706718445,
    "iptm": 0.4285011291503906,
    "ligand_iptm": 0.0,
    "protein_iptm": 0.4285011291503906,
    "complex_plddt": 0.8826886415481567,
    "complex_iplddt": 0.7959718108177185,
    "complex_pde": 0.6725368499755859,
    "complex_ipde": 11.442941665649414,
    "chains_ptm": {
        "0": 0.8980207443237305,
        "1": 0.8983407616615295
    },
    "pair_chains_iptm": {
        "0": {
            "0": 0.8980207443237305,
            "1": 0.4269987642765045
        },
        "1": {
            "0": 0.4285011291503906,
            "1": 0.8983407616615295
        }
    }
}