{
    "confidence_score": 0.8587347269058228,
    "ptm": 0.7743585109710693,
    "iptm": 0.7321991920471191,
    "ligand_iptm": 0.0,
    "protein_iptm": 0.7321991920471191,
    "complex_plddt": 0.8903685808181763,
    "complex_iplddt": 0.8096534609794617,
    "complex_pde": 0.549383282661438,
    "complex_ipde": 5.553605556488037,
    "chains_ptm": {
        "0": 0.9088621139526367,
        "1": 0.9087934494018555
    },
    "pair_chains_iptm": {
        "0": {
            "0": 0.9088621139526367,
            "1": 0.7285805940628052
        },
        "1": {
            "0": 0.7321991920471191,
            "1": 0.9087934494018555
        }
    }
}