{
    "confidence_score": 0.6409813761711121,
    "ptm": 0.6492199301719666,
    "iptm": 0.9601017832756042,
    "ligand_iptm": 0.9601017832756042,
    "protein_iptm": 0.0,
    "complex_plddt": 0.561201274394989,
    "complex_iplddt": 0.6722683906555176,
    "complex_pde": 2.5558204650878906,
    "complex_ipde": 1.2053542137145996,
    "chains_ptm": {
        "0": 0.6292731165885925,
        "1": 0.8803101181983948
    },
    "pair_chains_iptm": {
        "0": {
            "0": 0.6292731165885925,
            "1": 0.43385744094848633
        },
        "1": {
            "0": 0.9601017832756042,
            "1": 0.8803101181983948
        }
    }
}