{
    "confidence_score": 0.9033296704292297,
    "ptm": 0.8791128993034363,
    "iptm": 0.0,
    "ligand_iptm": 0.0,
    "protein_iptm": 0.0,
    "complex_plddt": 0.9093838334083557,
    "complex_iplddt": 0.9093838334083557,
    "complex_pde": 0.4548894762992859,
    "complex_ipde": 0.0,
    "chains_ptm": {
        "0": 0.8791128993034363
    },
    "pair_chains_iptm": {
        "0": {
            "0": 0.8791128993034363
        }
    }
}