{
    "confidence_score": 0.528290867805481,
    "ptm": 0.5415102243423462,
    "iptm": 0.0,
    "ligand_iptm": 0.0,
    "protein_iptm": 0.0,
    "complex_plddt": 0.5249859690666199,
    "complex_iplddt": 0.5249859690666199,
    "complex_pde": 3.4775421619415283,
    "complex_ipde": 0.0,
    "chains_ptm": {
        "0": 0.5415102243423462
    },
    "pair_chains_iptm": {
        "0": {
            "0": 0.5415102243423462
        }
    }
}