{
    "confidence_score": 0.8949919939041138,
    "ptm": 0.8725727200508118,
    "iptm": 0.0,
    "ligand_iptm": 0.0,
    "protein_iptm": 0.0,
    "complex_plddt": 0.9005967378616333,
    "complex_iplddt": 0.9005967378616333,
    "complex_pde": 0.4481017589569092,
    "complex_ipde": 0.0,
    "chains_ptm": {
        "0": 0.8725727200508118
    },
    "pair_chains_iptm": {
        "0": {
            "0": 0.8725727200508118
        }
    }
}