{
    "confidence_score": 0.8553067445755005,
    "ptm": 0.7795447111129761,
    "iptm": 0.7581168413162231,
    "ligand_iptm": 0.0,
    "protein_iptm": 0.7581168413162231,
    "complex_plddt": 0.879604160785675,
    "complex_iplddt": 0.8193028569221497,
    "complex_pde": 0.5685546398162842,
    "complex_ipde": 6.7779693603515625,
    "chains_ptm": {
        "0": 0.9023802280426025,
        "1": 0.9020081162452698
    },
    "pair_chains_iptm": {
        "0": {
            "0": 0.9023802280426025,
            "1": 0.7538812756538391
        },
        "1": {
            "0": 0.7581168413162231,
            "1": 0.9020081162452698
        }
    }
}