{
    "confidence_score": 0.8596150279045105,
    "ptm": 0.7818372249603271,
    "iptm": 0.7384858727455139,
    "ligand_iptm": 0.0,
    "protein_iptm": 0.7384858727455139,
    "complex_plddt": 0.889897346496582,
    "complex_iplddt": 0.8144928812980652,
    "complex_pde": 0.5367177724838257,
    "complex_ipde": 5.3987040519714355,
    "chains_ptm": {
        "0": 0.9086903929710388,
        "1": 0.9064208269119263
    },
    "pair_chains_iptm": {
        "0": {
            "0": 0.9086903929710388,
            "1": 0.7384858727455139
        },
        "1": {
            "0": 0.7302798628807068,
            "1": 0.9064208269119263
        }
    }
}