{
    "confidence_score": 0.8166587948799133,
    "ptm": 0.6456285715103149,
    "iptm": 0.5441305637359619,
    "ligand_iptm": 0.0,
    "protein_iptm": 0.5441305637359619,
    "complex_plddt": 0.88479083776474,
    "complex_iplddt": 0.8613076210021973,
    "complex_pde": 0.691045343875885,
    "complex_ipde": 7.429800510406494,
    "chains_ptm": {
        "0": 0.9017348289489746,
        "1": 0.9044285416603088,
        "2": 0.8944860100746155,
        "3": 0.8713937997817993
    },
    "pair_chains_iptm": {
        "0": {
            "0": 0.9017348289489746,
            "1": 0.7394974827766418,
            "2": 0.3459776043891907,
            "3": 0.33358654379844666
        },
        "1": {
            "0": 0.7505620718002319,
            "1": 0.9044285416603088,
            "2": 0.2571351230144501,
            "3": 0.2489742487668991
        },
        "2": {
            "0": 0.29487472772598267,
            "1": 0.26067057251930237,
            "2": 0.8944860100746155,
            "3": 0.8384780883789062
        },
        "3": {
            "0": 0.2927989661693573,
            "1": 0.26207566261291504,
            "2": 0.8143646717071533,
            "3": 0.8713937997817993
        }
    }
}