{
    "confidence_score": 0.5318399667739868,
    "ptm": 0.5737178325653076,
    "iptm": 0.0,
    "ligand_iptm": 0.0,
    "protein_iptm": 0.0,
    "complex_plddt": 0.5213704705238342,
    "complex_iplddt": 0.5213704705238342,
    "complex_pde": 3.4020419120788574,
    "complex_ipde": 0.0,
    "chains_ptm": {
        "0": 0.5737178325653076
    },
    "pair_chains_iptm": {
        "0": {
            "0": 0.5737178325653076
        }
    }
}