{
    "confidence_score": 0.6378747224807739,
    "ptm": 0.6791573762893677,
    "iptm": 0.9622154235839844,
    "ligand_iptm": 0.9622154235839844,
    "protein_iptm": 0.0,
    "complex_plddt": 0.5567895174026489,
    "complex_iplddt": 0.660643458366394,
    "complex_pde": 2.38126802444458,
    "complex_ipde": 1.1547259092330933,
    "chains_ptm": {
        "0": 0.6606996655464172,
        "1": 0.8805330395698547
    },
    "pair_chains_iptm": {
        "0": {
            "0": 0.6606996655464172,
            "1": 0.4510408341884613
        },
        "1": {
            "0": 0.9622154235839844,
            "1": 0.8805330395698547
        }
    }
}