{
    "confidence_score": 0.8961626291275024,
    "ptm": 0.8706256747245789,
    "iptm": 0.0,
    "ligand_iptm": 0.0,
    "protein_iptm": 0.0,
    "complex_plddt": 0.9025468826293945,
    "complex_iplddt": 0.9025468826293945,
    "complex_pde": 0.45247188210487366,
    "complex_ipde": 0.0,
    "chains_ptm": {
        "0": 0.8706256747245789
    },
    "pair_chains_iptm": {
        "0": {
            "0": 0.8706256747245789
        }
    }
}