{
    "confidence_score": 0.5333736538887024,
    "ptm": 0.5498427152633667,
    "iptm": 0.0,
    "ligand_iptm": 0.0,
    "protein_iptm": 0.0,
    "complex_plddt": 0.5292564034461975,
    "complex_iplddt": 0.5292564034461975,
    "complex_pde": 3.494175910949707,
    "complex_ipde": 0.0,
    "chains_ptm": {
        "0": 0.5498427152633667
    },
    "pair_chains_iptm": {
        "0": {
            "0": 0.5498427152633667
        }
    }
}