{
    "confidence_score": 0.8449433445930481,
    "ptm": 0.7668319344520569,
    "iptm": 0.7245579957962036,
    "ligand_iptm": 0.0,
    "protein_iptm": 0.7245579957962036,
    "complex_plddt": 0.8750396370887756,
    "complex_iplddt": 0.8085516691207886,
    "complex_pde": 0.5676952600479126,
    "complex_ipde": 6.929630279541016,
    "chains_ptm": {
        "0": 0.9040166735649109,
        "1": 0.9038900136947632
    },
    "pair_chains_iptm": {
        "0": {
            "0": 0.9040166735649109,
            "1": 0.7114828824996948
        },
        "1": {
            "0": 0.7245579957962036,
            "1": 0.9038900136947632
        }
    }
}