{
    "confidence_score": 0.526805579662323,
    "ptm": 0.5645796060562134,
    "iptm": 0.0,
    "ligand_iptm": 0.0,
    "protein_iptm": 0.0,
    "complex_plddt": 0.517362117767334,
    "complex_iplddt": 0.517362117767334,
    "complex_pde": 3.4927351474761963,
    "complex_ipde": 0.0,
    "chains_ptm": {
        "0": 0.5645796060562134
    },
    "pair_chains_iptm": {
        "0": {
            "0": 0.5645796060562134
        }
    }
}