{
    "confidence_score": 0.7915685772895813,
    "ptm": 0.6077481508255005,
    "iptm": 0.3851296305656433,
    "ligand_iptm": 0.0,
    "protein_iptm": 0.3851296305656433,
    "complex_plddt": 0.8931782841682434,
    "complex_iplddt": 0.8795527815818787,
    "complex_pde": 0.6532678604125977,
    "complex_ipde": 7.116087436676025,
    "chains_ptm": {
        "0": 0.9042300581932068,
        "1": 0.8970686793327332,
        "2": 0.873582661151886
    },
    "pair_chains_iptm": {
        "0": {
            "0": 0.9042300581932068,
            "1": 0.23991090059280396,
            "2": 0.2285548448562622
        },
        "1": {
            "0": 0.210342139005661,
            "1": 0.8970686793327332,
            "2": 0.8498119711875916
        },
        "2": {
            "0": 0.21031613647937775,
            "1": 0.8096139430999756,
            "2": 0.873582661151886
        }
    }
}