{
    "confidence_score": 0.6344922780990601,
    "ptm": 0.6477056741714478,
    "iptm": 0.959850013256073,
    "ligand_iptm": 0.959850013256073,
    "protein_iptm": 0.0,
    "complex_plddt": 0.5531527996063232,
    "complex_iplddt": 0.664156973361969,
    "complex_pde": 2.540337085723877,
    "complex_ipde": 1.2151455879211426,
    "chains_ptm": {
        "0": 0.6276432871818542,
        "1": 0.8728491067886353
    },
    "pair_chains_iptm": {
        "0": {
            "0": 0.6276432871818542,
            "1": 0.4310830533504486
        },
        "1": {
            "0": 0.959850013256073,
            "1": 0.8728491067886353
        }
    }
}