{
    "confidence_score": 0.7901800274848938,
    "ptm": 0.6440033912658691,
    "iptm": 0.42279598116874695,
    "ligand_iptm": 0.0,
    "protein_iptm": 0.42279598116874695,
    "complex_plddt": 0.8820260167121887,
    "complex_iplddt": 0.7866687178611755,
    "complex_pde": 0.6771168112754822,
    "complex_ipde": 12.023283958435059,
    "chains_ptm": {
        "0": 0.9058845043182373,
        "1": 0.9031206369400024
    },
    "pair_chains_iptm": {
        "0": {
            "0": 0.9058845043182373,
            "1": 0.41834354400634766
        },
        "1": {
            "0": 0.42279598116874695,
            "1": 0.9031206369400024
        }
    }
}