{
    "confidence_score": 0.6400856375694275,
    "ptm": 0.7111691832542419,
    "iptm": 0.9684807062149048,
    "ligand_iptm": 0.9684807062149048,
    "protein_iptm": 0.0,
    "complex_plddt": 0.557986855506897,
    "complex_iplddt": 0.6824432611465454,
    "complex_pde": 2.2804372310638428,
    "complex_ipde": 1.0115411281585693,
    "chains_ptm": {
        "0": 0.6940683722496033,
        "1": 0.9034467935562134
    },
    "pair_chains_iptm": {
        "0": {
            "0": 0.6940683722496033,
            "1": 0.5072652697563171
        },
        "1": {
            "0": 0.9684807062149048,
            "1": 0.9034467935562134
        }
    }
}