{
    "confidence_score": 0.8638901114463806,
    "ptm": 0.7816153764724731,
    "iptm": 0.7560356855392456,
    "ligand_iptm": 0.0,
    "protein_iptm": 0.7560356855392456,
    "complex_plddt": 0.8908536434173584,
    "complex_iplddt": 0.8091514110565186,
    "complex_pde": 0.5600335001945496,
    "complex_ipde": 6.11464786529541,
    "chains_ptm": {
        "0": 0.9095693230628967,
        "1": 0.9088234901428223
    },
    "pair_chains_iptm": {
        "0": {
            "0": 0.9095693230628967,
            "1": 0.7505505084991455
        },
        "1": {
            "0": 0.7560356855392456,
            "1": 0.9088234901428223
        }
    }
}