{
    "confidence_score": 0.5159515738487244,
    "ptm": 0.5516287088394165,
    "iptm": 0.0,
    "ligand_iptm": 0.0,
    "protein_iptm": 0.0,
    "complex_plddt": 0.5070322155952454,
    "complex_iplddt": 0.5070322155952454,
    "complex_pde": 3.5570476055145264,
    "complex_ipde": 0.0,
    "chains_ptm": {
        "0": 0.5516287088394165
    },
    "pair_chains_iptm": {
        "0": {
            "0": 0.5516287088394165
        }
    }
}