{
    "confidence_score": 0.8389429450035095,
    "ptm": 0.7607797384262085,
    "iptm": 0.7078642845153809,
    "ligand_iptm": 0.0,
    "protein_iptm": 0.7078642845153809,
    "complex_plddt": 0.8717126250267029,
    "complex_iplddt": 0.7861190438270569,
    "complex_pde": 0.5721376538276672,
    "complex_ipde": 6.977543354034424,
    "chains_ptm": {
        "0": 0.903152585029602,
        "1": 0.8995926380157471
    },
    "pair_chains_iptm": {
        "0": {
            "0": 0.903152585029602,
            "1": 0.7078642845153809
        },
        "1": {
            "0": 0.7023773789405823,
            "1": 0.8995926380157471
        }
    }
}