{
    "confidence_score": 0.8010119795799255,
    "ptm": 0.6278746128082275,
    "iptm": 0.4807415008544922,
    "ligand_iptm": 0.0,
    "protein_iptm": 0.4807415008544922,
    "complex_plddt": 0.8810795545578003,
    "complex_iplddt": 0.8573912978172302,
    "complex_pde": 0.7124508619308472,
    "complex_ipde": 7.9678730964660645,
    "chains_ptm": {
        "0": 0.9046720862388611,
        "1": 0.9043208360671997,
        "2": 0.8886110186576843,
        "3": 0.8662018775939941
    },
    "pair_chains_iptm": {
        "0": {
            "0": 0.9046720862388611,
            "1": 0.59718918800354,
            "2": 0.3876991271972656,
            "3": 0.37657299637794495
        },
        "1": {
            "0": 0.592385470867157,
            "1": 0.9043208360671997,
            "2": 0.27502673864364624,
            "3": 0.26800286769866943
        },
        "2": {
            "0": 0.3541068434715271,
            "1": 0.2725915312767029,
            "2": 0.8886110186576843,
            "3": 0.8292320370674133
        },
        "3": {
            "0": 0.3559727668762207,
            "1": 0.2788558006286621,
            "2": 0.8022189736366272,
            "3": 0.8662018775939941
        }
    }
}