{
    "confidence_score": 0.7945079207420349,
    "ptm": 0.613121509552002,
    "iptm": 0.3834279775619507,
    "ligand_iptm": 0.0,
    "protein_iptm": 0.3834279775619507,
    "complex_plddt": 0.89727783203125,
    "complex_iplddt": 0.8811691999435425,
    "complex_pde": 0.6558703780174255,
    "complex_ipde": 6.945008754730225,
    "chains_ptm": {
        "0": 0.9082258343696594,
        "1": 0.8925605416297913,
        "2": 0.8636754155158997
    },
    "pair_chains_iptm": {
        "0": {
            "0": 0.9082258343696594,
            "1": 0.23933042585849762,
            "2": 0.23670275509357452
        },
        "1": {
            "0": 0.217728391289711,
            "1": 0.8925605416297913,
            "2": 0.8486770987510681
        },
        "2": {
            "0": 0.21884146332740784,
            "1": 0.8038533926010132,
            "2": 0.8636754155158997
        }
    }
}