{
    "confidence_score": 0.7885878682136536,
    "ptm": 0.6160582304000854,
    "iptm": 0.4757354259490967,
    "ligand_iptm": 0.0,
    "protein_iptm": 0.4757354259490967,
    "complex_plddt": 0.8668009638786316,
    "complex_iplddt": 0.8484178781509399,
    "complex_pde": 0.7029582858085632,
    "complex_ipde": 8.059219360351562,
    "chains_ptm": {
        "0": 0.9117720127105713,
        "1": 0.906775712966919,
        "2": 0.921419620513916,
        "3": 0.9016635417938232
    },
    "pair_chains_iptm": {
        "0": {
            "0": 0.9117720127105713,
            "1": 0.5796647071838379,
            "2": 0.30348777770996094,
            "3": 0.3021862804889679
        },
        "1": {
            "0": 0.593454122543335,
            "1": 0.906775712966919,
            "2": 0.3443845212459564,
            "3": 0.3356706202030182
        },
        "2": {
            "0": 0.3265087902545929,
            "1": 0.3556708097457886,
            "2": 0.921419620513916,
            "3": 0.8676190972328186
        },
        "3": {
            "0": 0.31073716282844543,
            "1": 0.3473988175392151,
            "2": 0.8402616381645203,
            "3": 0.9016635417938232
        }
    }
}