{
    "confidence_score": 0.8348437547683716,
    "ptm": 0.7419039011001587,
    "iptm": 0.6649627089500427,
    "ligand_iptm": 0.0,
    "protein_iptm": 0.6649627089500427,
    "complex_plddt": 0.877314031124115,
    "complex_iplddt": 0.8178471922874451,
    "complex_pde": 0.6237627863883972,
    "complex_ipde": 8.862297058105469,
    "chains_ptm": {
        "0": 0.8967465758323669,
        "1": 0.896860659122467
    },
    "pair_chains_iptm": {
        "0": {
            "0": 0.8967465758323669,
            "1": 0.6649627089500427
        },
        "1": {
            "0": 0.6578934192657471,
            "1": 0.896860659122467
        }
    }
}