{
    "confidence_score": 0.8420257568359375,
    "ptm": 0.7603525519371033,
    "iptm": 0.703650176525116,
    "ligand_iptm": 0.0,
    "protein_iptm": 0.703650176525116,
    "complex_plddt": 0.8766196370124817,
    "complex_iplddt": 0.8175647258758545,
    "complex_pde": 0.5869989395141602,
    "complex_ipde": 7.807070732116699,
    "chains_ptm": {
        "0": 0.8992469906806946,
        "1": 0.9004137516021729
    },
    "pair_chains_iptm": {
        "0": {
            "0": 0.8992469906806946,
            "1": 0.703650176525116
        },
        "1": {
            "0": 0.6958460211753845,
            "1": 0.9004137516021729
        }
    }
}