{
    "confidence_score": 0.7946311235427856,
    "ptm": 0.6182994246482849,
    "iptm": 0.5086950659751892,
    "ligand_iptm": 0.0,
    "protein_iptm": 0.5086950659751892,
    "complex_plddt": 0.8661150932312012,
    "complex_iplddt": 0.8327403664588928,
    "complex_pde": 0.7334627509117126,
    "complex_ipde": 7.990586757659912,
    "chains_ptm": {
        "0": 0.9069220423698425,
        "1": 0.9003782272338867,
        "2": 0.9025686383247375,
        "3": 0.8775348663330078
    },
    "pair_chains_iptm": {
        "0": {
            "0": 0.9069220423698425,
            "1": 0.7148687243461609,
            "2": 0.27078676223754883,
            "3": 0.2647946774959564
        },
        "1": {
            "0": 0.6994388103485107,
            "1": 0.9003782272338867,
            "2": 0.21323366463184357,
            "3": 0.19982114434242249
        },
        "2": {
            "0": 0.27355071902275085,
            "1": 0.21226906776428223,
            "2": 0.9025686383247375,
            "3": 0.8438293933868408
        },
        "3": {
            "0": 0.2601417899131775,
            "1": 0.20569318532943726,
            "2": 0.8119301199913025,
            "3": 0.8775348663330078
        }
    }
}