{
    "confidence_score": 0.8931650519371033,
    "ptm": 0.8712616562843323,
    "iptm": 0.0,
    "ligand_iptm": 0.0,
    "protein_iptm": 0.0,
    "complex_plddt": 0.8986408114433289,
    "complex_iplddt": 0.8986408114433289,
    "complex_pde": 0.4487801492214203,
    "complex_ipde": 0.0,
    "chains_ptm": {
        "0": 0.8712616562843323
    },
    "pair_chains_iptm": {
        "0": {
            "0": 0.8712616562843323
        }
    }
}