{
    "confidence_score": 0.8163309097290039,
    "ptm": 0.6539603471755981,
    "iptm": 0.47977954149246216,
    "ligand_iptm": 0.0,
    "protein_iptm": 0.47977954149246216,
    "complex_plddt": 0.9004687070846558,
    "complex_iplddt": 0.8792487382888794,
    "complex_pde": 0.6173045039176941,
    "complex_ipde": 6.187936782836914,
    "chains_ptm": {
        "0": 0.9130956530570984,
        "1": 0.9045721888542175,
        "2": 0.8872690200805664
    },
    "pair_chains_iptm": {
        "0": {
            "0": 0.9130956530570984,
            "1": 0.35259321331977844,
            "2": 0.32197678089141846
        },
        "1": {
            "0": 0.34017491340637207,
            "1": 0.9045721888542175,
            "2": 0.8758007884025574
        },
        "2": {
            "0": 0.30275171995162964,
            "1": 0.8403046727180481,
            "2": 0.8872690200805664
        }
    }
}