{
    "confidence_score": 0.8886911273002625,
    "ptm": 0.8657529354095459,
    "iptm": 0.0,
    "ligand_iptm": 0.0,
    "protein_iptm": 0.0,
    "complex_plddt": 0.894425630569458,
    "complex_iplddt": 0.894425630569458,
    "complex_pde": 0.44783279299736023,
    "complex_ipde": 0.0,
    "chains_ptm": {
        "0": 0.8657529354095459
    },
    "pair_chains_iptm": {
        "0": {
            "0": 0.8657529354095459
        }
    }
}