{
    "confidence_score": 0.8466013073921204,
    "ptm": 0.8704004287719727,
    "iptm": 0.7721535563468933,
    "ligand_iptm": 0.7721535563468933,
    "protein_iptm": 0.0,
    "complex_plddt": 0.8652132749557495,
    "complex_iplddt": 0.5838163495063782,
    "complex_pde": 0.7012873291969299,
    "complex_ipde": 4.986659526824951,
    "chains_ptm": {
        "0": 0.8802513480186462,
        "1": 0.8289604783058167
    },
    "pair_chains_iptm": {
        "0": {
            "0": 0.8802513480186462,
            "1": 0.28099825978279114
        },
        "1": {
            "0": 0.7721535563468933,
            "1": 0.8289604783058167
        }
    }
}