{
    "confidence_score": 0.8948414921760559,
    "ptm": 0.8785724639892578,
    "iptm": 0.0,
    "ligand_iptm": 0.0,
    "protein_iptm": 0.0,
    "complex_plddt": 0.8989087343215942,
    "complex_iplddt": 0.8989087343215942,
    "complex_pde": 0.46514102816581726,
    "complex_ipde": 0.0,
    "chains_ptm": {
        "0": 0.8785724639892578
    },
    "pair_chains_iptm": {
        "0": {
            "0": 0.8785724639892578
        }
    }
}