{
    "confidence_score": 0.8447585105895996,
    "ptm": 0.7583779096603394,
    "iptm": 0.677868664264679,
    "ligand_iptm": 0.0,
    "protein_iptm": 0.677868664264679,
    "complex_plddt": 0.886480987071991,
    "complex_iplddt": 0.7991582155227661,
    "complex_pde": 0.5614494681358337,
    "complex_ipde": 6.633445739746094,
    "chains_ptm": {
        "0": 0.9035559296607971,
        "1": 0.9074223637580872
    },
    "pair_chains_iptm": {
        "0": {
            "0": 0.9035559296607971,
            "1": 0.6762688159942627
        },
        "1": {
            "0": 0.677868664264679,
            "1": 0.9074223637580872
        }
    }
}