{
    "confidence_score": 0.6362972259521484,
    "ptm": 0.6714785099029541,
    "iptm": 0.9585661292076111,
    "ligand_iptm": 0.9585661292076111,
    "protein_iptm": 0.0,
    "complex_plddt": 0.5557299852371216,
    "complex_iplddt": 0.6482799053192139,
    "complex_pde": 2.4178147315979004,
    "complex_ipde": 1.1961123943328857,
    "chains_ptm": {
        "0": 0.6529445648193359,
        "1": 0.8776136040687561
    },
    "pair_chains_iptm": {
        "0": {
            "0": 0.6529445648193359,
            "1": 0.442064493894577
        },
        "1": {
            "0": 0.9585661292076111,
            "1": 0.8776136040687561
        }
    }
}