{
    "confidence_score": 0.8947218060493469,
    "ptm": 0.8743515610694885,
    "iptm": 0.0,
    "ligand_iptm": 0.0,
    "protein_iptm": 0.0,
    "complex_plddt": 0.8998143076896667,
    "complex_iplddt": 0.8998143076896667,
    "complex_pde": 0.44478002190589905,
    "complex_ipde": 0.0,
    "chains_ptm": {
        "0": 0.8743515610694885
    },
    "pair_chains_iptm": {
        "0": {
            "0": 0.8743515610694885
        }
    }
}