{
    "confidence_score": 0.7890252470970154,
    "ptm": 0.5970689058303833,
    "iptm": 0.4494036138057709,
    "ligand_iptm": 0.0,
    "protein_iptm": 0.4494036138057709,
    "complex_plddt": 0.8739306330680847,
    "complex_iplddt": 0.839631974697113,
    "complex_pde": 0.71921306848526,
    "complex_ipde": 8.332362174987793,
    "chains_ptm": {
        "0": 0.9153347015380859,
        "1": 0.9076969623565674,
        "2": 0.8912134766578674,
        "3": 0.8699162602424622
    },
    "pair_chains_iptm": {
        "0": {
            "0": 0.9153347015380859,
            "1": 0.6143336296081543,
            "2": 0.22872409224510193,
            "3": 0.229246586561203
        },
        "1": {
            "0": 0.6314983367919922,
            "1": 0.9076969623565674,
            "2": 0.20082801580429077,
            "3": 0.18985122442245483
        },
        "2": {
            "0": 0.21810515224933624,
            "1": 0.1971013993024826,
            "2": 0.8912134766578674,
            "3": 0.8317965865135193
        },
        "3": {
            "0": 0.21303486824035645,
            "1": 0.19644874334335327,
            "2": 0.8025432825088501,
            "3": 0.8699162602424622
        }
    }
}