{
    "confidence_score": 0.7904292345046997,
    "ptm": 0.6434231400489807,
    "iptm": 0.4225870668888092,
    "ligand_iptm": 0.0,
    "protein_iptm": 0.4225870668888092,
    "complex_plddt": 0.8823897242546082,
    "complex_iplddt": 0.7883309125900269,
    "complex_pde": 0.6755144596099854,
    "complex_ipde": 11.934103965759277,
    "chains_ptm": {
        "0": 0.9052152633666992,
        "1": 0.9040352702140808
    },
    "pair_chains_iptm": {
        "0": {
            "0": 0.9052152633666992,
            "1": 0.4169880747795105
        },
        "1": {
            "0": 0.4225870668888092,
            "1": 0.9040352702140808
        }
    }
}