{
    "confidence_score": 0.8922945261001587,
    "ptm": 0.873412013053894,
    "iptm": 0.0,
    "ligand_iptm": 0.0,
    "protein_iptm": 0.0,
    "complex_plddt": 0.8970150947570801,
    "complex_iplddt": 0.8970150947570801,
    "complex_pde": 0.43275466561317444,
    "complex_ipde": 0.0,
    "chains_ptm": {
        "0": 0.873412013053894
    },
    "pair_chains_iptm": {
        "0": {
            "0": 0.873412013053894
        }
    }
}