{
    "confidence_score": 0.634475588798523,
    "ptm": 0.7450263500213623,
    "iptm": 0.9664013981819153,
    "ligand_iptm": 0.9664013981819153,
    "protein_iptm": 0.0,
    "complex_plddt": 0.5514941215515137,
    "complex_iplddt": 0.6522423624992371,
    "complex_pde": 1.9857357740402222,
    "complex_ipde": 1.1419894695281982,
    "chains_ptm": {
        "0": 0.7306430339813232,
        "1": 0.9078677296638489
    },
    "pair_chains_iptm": {
        "0": {
            "0": 0.7306430339813232,
            "1": 0.5500969290733337
        },
        "1": {
            "0": 0.9664013981819153,
            "1": 0.9078677296638489
        }
    }
}