{
    "confidence_score": 0.6351330280303955,
    "ptm": 0.7729392647743225,
    "iptm": 0.9698728919029236,
    "ligand_iptm": 0.9698728919029236,
    "protein_iptm": 0.0,
    "complex_plddt": 0.5514480471611023,
    "complex_iplddt": 0.6549798846244812,
    "complex_pde": 1.8425753116607666,
    "complex_ipde": 0.9584580659866333,
    "chains_ptm": {
        "0": 0.7602836489677429,
        "1": 0.9045846462249756
    },
    "pair_chains_iptm": {
        "0": {
            "0": 0.7602836489677429,
            "1": 0.5489997863769531
        },
        "1": {
            "0": 0.9698728919029236,
            "1": 0.9045846462249756
        }
    }
}