{
    "confidence_score": 0.8430812954902649,
    "ptm": 0.8679017424583435,
    "iptm": 0.7674522399902344,
    "ligand_iptm": 0.7674522399902344,
    "protein_iptm": 0.0,
    "complex_plddt": 0.8619886040687561,
    "complex_iplddt": 0.587966799736023,
    "complex_pde": 0.6917276978492737,
    "complex_ipde": 4.5498270988464355,
    "chains_ptm": {
        "0": 0.8753940463066101,
        "1": 0.8189575672149658
    },
    "pair_chains_iptm": {
        "0": {
            "0": 0.8753940463066101,
            "1": 0.3363804221153259
        },
        "1": {
            "0": 0.7674522399902344,
            "1": 0.8189575672149658
        }
    }
}