{
    "confidence_score": 0.8931690454483032,
    "ptm": 0.8694006204605103,
    "iptm": 0.0,
    "ligand_iptm": 0.0,
    "protein_iptm": 0.0,
    "complex_plddt": 0.8991110920906067,
    "complex_iplddt": 0.8991110920906067,
    "complex_pde": 0.44462284445762634,
    "complex_ipde": 0.0,
    "chains_ptm": {
        "0": 0.8694006204605103
    },
    "pair_chains_iptm": {
        "0": {
            "0": 0.8694006204605103
        }
    }
}