{
    "confidence_score": 0.797313928604126,
    "ptm": 0.635670006275177,
    "iptm": 0.43864819407463074,
    "ligand_iptm": 0.0,
    "protein_iptm": 0.43864819407463074,
    "complex_plddt": 0.8869803547859192,
    "complex_iplddt": 0.8771167993545532,
    "complex_pde": 0.6221449971199036,
    "complex_ipde": 5.798659801483154,
    "chains_ptm": {
        "0": 0.9004420042037964,
        "1": 0.8925080299377441,
        "2": 0.8685671091079712
    },
    "pair_chains_iptm": {
        "0": {
            "0": 0.9004420042037964,
            "1": 0.30601343512535095,
            "2": 0.3049052953720093
        },
        "1": {
            "0": 0.29377079010009766,
            "1": 0.8925080299377441,
            "2": 0.8604576587677002
        },
        "2": {
            "0": 0.28249379992485046,
            "1": 0.8248721361160278,
            "2": 0.8685671091079712
        }
    }
}