{
    "confidence_score": 0.8592115640640259,
    "ptm": 0.7888407707214355,
    "iptm": 0.7560996413230896,
    "ligand_iptm": 0.0,
    "protein_iptm": 0.7560996413230896,
    "complex_plddt": 0.8849895000457764,
    "complex_iplddt": 0.8067948818206787,
    "complex_pde": 0.5343106985092163,
    "complex_ipde": 5.435469627380371,
    "chains_ptm": {
        "0": 0.9144264459609985,
        "1": 0.9137827157974243
    },
    "pair_chains_iptm": {
        "0": {
            "0": 0.9144264459609985,
            "1": 0.749419629573822
        },
        "1": {
            "0": 0.7560996413230896,
            "1": 0.9137827157974243
        }
    }
}