{
    "confidence_score": 0.6448461413383484,
    "ptm": 0.6979126334190369,
    "iptm": 0.9660944938659668,
    "ligand_iptm": 0.9660944938659668,
    "protein_iptm": 0.0,
    "complex_plddt": 0.5645340085029602,
    "complex_iplddt": 0.6803961992263794,
    "complex_pde": 2.3317294120788574,
    "complex_ipde": 1.2074346542358398,
    "chains_ptm": {
        "0": 0.6803529262542725,
        "1": 0.9049203395843506
    },
    "pair_chains_iptm": {
        "0": {
            "0": 0.6803529262542725,
            "1": 0.522572934627533
        },
        "1": {
            "0": 0.9660944938659668,
            "1": 0.9049203395843506
        }
    }
}