{
    "confidence_score": 0.6454028487205505,
    "ptm": 0.6392534375190735,
    "iptm": 0.9574105143547058,
    "ligand_iptm": 0.9574105143547058,
    "protein_iptm": 0.0,
    "complex_plddt": 0.5674008727073669,
    "complex_iplddt": 0.6910281777381897,
    "complex_pde": 2.665961265563965,
    "complex_ipde": 1.464564323425293,
    "chains_ptm": {
        "0": 0.6180117726325989,
        "1": 0.8849759697914124
    },
    "pair_chains_iptm": {
        "0": {
            "0": 0.6180117726325989,
            "1": 0.4535452127456665
        },
        "1": {
            "0": 0.9574105143547058,
            "1": 0.8849759697914124
        }
    }
}