{
    "confidence_score": 0.9022358059883118,
    "ptm": 0.8795660138130188,
    "iptm": 0.0,
    "ligand_iptm": 0.0,
    "protein_iptm": 0.0,
    "complex_plddt": 0.9079031944274902,
    "complex_iplddt": 0.9079031944274902,
    "complex_pde": 0.454376757144928,
    "complex_ipde": 0.0,
    "chains_ptm": {
        "0": 0.8795660138130188
    },
    "pair_chains_iptm": {
        "0": {
            "0": 0.8795660138130188
        }
    }
}