{
    "confidence_score": 0.6368560194969177,
    "ptm": 0.6812003254890442,
    "iptm": 0.9641481637954712,
    "ligand_iptm": 0.9641481637954712,
    "protein_iptm": 0.0,
    "complex_plddt": 0.5550329089164734,
    "complex_iplddt": 0.6720817685127258,
    "complex_pde": 2.412170648574829,
    "complex_ipde": 1.0987029075622559,
    "chains_ptm": {
        "0": 0.6627269983291626,
        "1": 0.8895638585090637
    },
    "pair_chains_iptm": {
        "0": {
            "0": 0.6627269983291626,
            "1": 0.480930358171463
        },
        "1": {
            "0": 0.9641481637954712,
            "1": 0.8895638585090637
        }
    }
}