{
    "confidence_score": 0.9021160006523132,
    "ptm": 0.8784545063972473,
    "iptm": 0.0,
    "ligand_iptm": 0.0,
    "protein_iptm": 0.0,
    "complex_plddt": 0.9080314040184021,
    "complex_iplddt": 0.9080314040184021,
    "complex_pde": 0.4573648273944855,
    "complex_ipde": 0.0,
    "chains_ptm": {
        "0": 0.8784545063972473
    },
    "pair_chains_iptm": {
        "0": {
            "0": 0.8784545063972473
        }
    }
}