{
    "confidence_score": 0.8972901701927185,
    "ptm": 0.873109757900238,
    "iptm": 0.0,
    "ligand_iptm": 0.0,
    "protein_iptm": 0.0,
    "complex_plddt": 0.9033352136611938,
    "complex_iplddt": 0.9033352136611938,
    "complex_pde": 0.4460579454898834,
    "complex_ipde": 0.0,
    "chains_ptm": {
        "0": 0.873109757900238
    },
    "pair_chains_iptm": {
        "0": {
            "0": 0.873109757900238
        }
    }
}