{
    "confidence_score": 0.8182047009468079,
    "ptm": 0.8582707047462463,
    "iptm": 0.6488619446754456,
    "ligand_iptm": 0.6488619446754456,
    "protein_iptm": 0.0,
    "complex_plddt": 0.8605403900146484,
    "complex_iplddt": 0.5444389581680298,
    "complex_pde": 0.8083375692367554,
    "complex_ipde": 6.541020393371582,
    "chains_ptm": {
        "0": 0.8757473230361938,
        "1": 0.8238884210586548
    },
    "pair_chains_iptm": {
        "0": {
            "0": 0.8757473230361938,
            "1": 0.20272445678710938
        },
        "1": {
            "0": 0.6488619446754456,
            "1": 0.8238884210586548
        }
    }
}