{
    "confidence_score": 0.8300995230674744,
    "ptm": 0.7041170001029968,
    "iptm": 0.5774253010749817,
    "ligand_iptm": 0.0,
    "protein_iptm": 0.5774253010749817,
    "complex_plddt": 0.8932680487632751,
    "complex_iplddt": 0.8861274123191833,
    "complex_pde": 0.6140243411064148,
    "complex_ipde": 5.883186340332031,
    "chains_ptm": {
        "0": 0.9103584885597229,
        "1": 0.8877789378166199,
        "2": 0.8761393427848816
    },
    "pair_chains_iptm": {
        "0": {
            "0": 0.9103584885597229,
            "1": 0.49853599071502686,
            "2": 0.45749586820602417
        },
        "1": {
            "0": 0.4550367593765259,
            "1": 0.8877789378166199,
            "2": 0.8510574698448181
        },
        "2": {
            "0": 0.43221017718315125,
            "1": 0.8114952445030212,
            "2": 0.8761393427848816
        }
    }
}