{
    "confidence_score": 0.5325441956520081,
    "ptm": 0.5683543086051941,
    "iptm": 0.0,
    "ligand_iptm": 0.0,
    "protein_iptm": 0.0,
    "complex_plddt": 0.5235916376113892,
    "complex_iplddt": 0.5235916376113892,
    "complex_pde": 3.3616933822631836,
    "complex_ipde": 0.0,
    "chains_ptm": {
        "0": 0.5683543086051941
    },
    "pair_chains_iptm": {
        "0": {
            "0": 0.5683543086051941
        }
    }
}