{
    "confidence_score": 0.7972403764724731,
    "ptm": 0.6237985491752625,
    "iptm": 0.4010608494281769,
    "ligand_iptm": 0.0,
    "protein_iptm": 0.4010608494281769,
    "complex_plddt": 0.8962852358818054,
    "complex_iplddt": 0.8961564898490906,
    "complex_pde": 0.6076808571815491,
    "complex_ipde": 6.205061435699463,
    "chains_ptm": {
        "0": 0.9115137457847595,
        "1": 0.9025354981422424,
        "2": 0.8834311366081238
    },
    "pair_chains_iptm": {
        "0": {
            "0": 0.9115137457847595,
            "1": 0.2529292404651642,
            "2": 0.2536068260669708
        },
        "1": {
            "0": 0.2611062824726105,
            "1": 0.9025354981422424,
            "2": 0.8663557767868042
        },
        "2": {
            "0": 0.24015380442142487,
            "1": 0.8299024105072021,
            "2": 0.8834311366081238
        }
    }
}