{
    "confidence_score": 0.637036919593811,
    "ptm": 0.6619816422462463,
    "iptm": 0.9607588052749634,
    "ligand_iptm": 0.9607588052749634,
    "protein_iptm": 0.0,
    "complex_plddt": 0.556106448173523,
    "complex_iplddt": 0.666283369064331,
    "complex_pde": 2.466169834136963,
    "complex_ipde": 1.1597503423690796,
    "chains_ptm": {
        "0": 0.6425239443778992,
        "1": 0.881205677986145
    },
    "pair_chains_iptm": {
        "0": {
            "0": 0.6425239443778992,
            "1": 0.45526936650276184
        },
        "1": {
            "0": 0.9607588052749634,
            "1": 0.881205677986145
        }
    }
}