{
    "confidence_score": 0.7941802740097046,
    "ptm": 0.620314359664917,
    "iptm": 0.388971745967865,
    "ligand_iptm": 0.0,
    "protein_iptm": 0.388971745967865,
    "complex_plddt": 0.8954823613166809,
    "complex_iplddt": 0.8895078301429749,
    "complex_pde": 0.642825722694397,
    "complex_ipde": 6.702991008758545,
    "chains_ptm": {
        "0": 0.9067663550376892,
        "1": 0.8838199377059937,
        "2": 0.860494077205658
    },
    "pair_chains_iptm": {
        "0": {
            "0": 0.9067663550376892,
            "1": 0.24611666798591614,
            "2": 0.24513043463230133
        },
        "1": {
            "0": 0.24423959851264954,
            "1": 0.8838199377059937,
            "2": 0.8439668416976929
        },
        "2": {
            "0": 0.23012468218803406,
            "1": 0.806847095489502,
            "2": 0.860494077205658
        }
    }
}