{
    "confidence_score": 0.6347968578338623,
    "ptm": 0.7053495049476624,
    "iptm": 0.9661254286766052,
    "ligand_iptm": 0.9661254286766052,
    "protein_iptm": 0.0,
    "complex_plddt": 0.5519647002220154,
    "complex_iplddt": 0.6469875574111938,
    "complex_pde": 2.2804625034332275,
    "complex_ipde": 1.087627649307251,
    "chains_ptm": {
        "0": 0.6878622174263,
        "1": 0.893599808216095
    },
    "pair_chains_iptm": {
        "0": {
            "0": 0.6878622174263,
            "1": 0.49699899554252625
        },
        "1": {
            "0": 0.9661254286766052,
            "1": 0.893599808216095
        }
    }
}