{
    "confidence_score": 0.7950869798660278,
    "ptm": 0.6106877326965332,
    "iptm": 0.3926658034324646,
    "ligand_iptm": 0.0,
    "protein_iptm": 0.3926658034324646,
    "complex_plddt": 0.8956922292709351,
    "complex_iplddt": 0.8849103450775146,
    "complex_pde": 0.6549265384674072,
    "complex_ipde": 6.908172607421875,
    "chains_ptm": {
        "0": 0.9044980406761169,
        "1": 0.8939041495323181,
        "2": 0.8676199316978455
    },
    "pair_chains_iptm": {
        "0": {
            "0": 0.9044980406761169,
            "1": 0.24708181619644165,
            "2": 0.2433057725429535
        },
        "1": {
            "0": 0.22079963982105255,
            "1": 0.8939041495323181,
            "2": 0.8535539507865906
        },
        "2": {
            "0": 0.2226560264825821,
            "1": 0.8119194507598877,
            "2": 0.8676199316978455
        }
    }
}