{
    "confidence_score": 0.5321394205093384,
    "ptm": 0.5779056549072266,
    "iptm": 0.0,
    "ligand_iptm": 0.0,
    "protein_iptm": 0.0,
    "complex_plddt": 0.520697832107544,
    "complex_iplddt": 0.520697832107544,
    "complex_pde": 3.3515045642852783,
    "complex_ipde": 0.0,
    "chains_ptm": {
        "0": 0.5779056549072266
    },
    "pair_chains_iptm": {
        "0": {
            "0": 0.5779056549072266
        }
    }
}