{
    "confidence_score": 0.5404607653617859,
    "ptm": 0.5616291761398315,
    "iptm": 0.0,
    "ligand_iptm": 0.0,
    "protein_iptm": 0.0,
    "complex_plddt": 0.5351687073707581,
    "complex_iplddt": 0.5351687073707581,
    "complex_pde": 3.4601268768310547,
    "complex_ipde": 0.0,
    "chains_ptm": {
        "0": 0.5616291761398315
    },
    "pair_chains_iptm": {
        "0": {
            "0": 0.5616291761398315
        }
    }
}