{
    "confidence_score": 0.8944079279899597,
    "ptm": 0.8733099699020386,
    "iptm": 0.0,
    "ligand_iptm": 0.0,
    "protein_iptm": 0.0,
    "complex_plddt": 0.8996824026107788,
    "complex_iplddt": 0.8996824026107788,
    "complex_pde": 0.4353637993335724,
    "complex_ipde": 0.0,
    "chains_ptm": {
        "0": 0.8733099699020386
    },
    "pair_chains_iptm": {
        "0": {
            "0": 0.8733099699020386
        }
    }
}