{
    "confidence_score": 0.8904886245727539,
    "ptm": 0.8700619339942932,
    "iptm": 0.0,
    "ligand_iptm": 0.0,
    "protein_iptm": 0.0,
    "complex_plddt": 0.8955952525138855,
    "complex_iplddt": 0.8955952525138855,
    "complex_pde": 0.462778240442276,
    "complex_ipde": 0.0,
    "chains_ptm": {
        "0": 0.8700619339942932
    },
    "pair_chains_iptm": {
        "0": {
            "0": 0.8700619339942932
        }
    }
}