{
    "confidence_score": 0.5359315276145935,
    "ptm": 0.562617301940918,
    "iptm": 0.0,
    "ligand_iptm": 0.0,
    "protein_iptm": 0.0,
    "complex_plddt": 0.5292600393295288,
    "complex_iplddt": 0.5292600393295288,
    "complex_pde": 3.472968578338623,
    "complex_ipde": 0.0,
    "chains_ptm": {
        "0": 0.562617301940918
    },
    "pair_chains_iptm": {
        "0": {
            "0": 0.562617301940918
        }
    }
}