{
    "confidence_score": 0.8621150851249695,
    "ptm": 0.8762490749359131,
    "iptm": 0.8536401391029358,
    "ligand_iptm": 0.8536401391029358,
    "protein_iptm": 0.0,
    "complex_plddt": 0.8642337918281555,
    "complex_iplddt": 0.626358151435852,
    "complex_pde": 0.601577639579773,
    "complex_ipde": 3.0317370891571045,
    "chains_ptm": {
        "0": 0.879087507724762,
        "1": 0.8281123638153076
    },
    "pair_chains_iptm": {
        "0": {
            "0": 0.879087507724762,
            "1": 0.4202485680580139
        },
        "1": {
            "0": 0.8536401391029358,
            "1": 0.8281123638153076
        }
    }
}