{
    "confidence_score": 0.7922617793083191,
    "ptm": 0.5978202223777771,
    "iptm": 0.3623184561729431,
    "ligand_iptm": 0.0,
    "protein_iptm": 0.3623184561729431,
    "complex_plddt": 0.8997475504875183,
    "complex_iplddt": 0.8849920630455017,
    "complex_pde": 0.6683102250099182,
    "complex_ipde": 7.291492938995361,
    "chains_ptm": {
        "0": 0.9033263325691223,
        "1": 0.8985309600830078,
        "2": 0.8681098222732544
    },
    "pair_chains_iptm": {
        "0": {
            "0": 0.9033263325691223,
            "1": 0.20924566686153412,
            "2": 0.20543265342712402
        },
        "1": {
            "0": 0.16974657773971558,
            "1": 0.8985309600830078,
            "2": 0.8516740202903748
        },
        "2": {
            "0": 0.17530329525470734,
            "1": 0.8116421699523926,
            "2": 0.8681098222732544
        }
    }
}