{
    "confidence_score": 0.6429859399795532,
    "ptm": 0.6643660068511963,
    "iptm": 0.958260178565979,
    "ligand_iptm": 0.958260178565979,
    "protein_iptm": 0.0,
    "complex_plddt": 0.564167320728302,
    "complex_iplddt": 0.6546635627746582,
    "complex_pde": 2.474018096923828,
    "complex_ipde": 1.462000846862793,
    "chains_ptm": {
        "0": 0.6447941064834595,
        "1": 0.8818040490150452
    },
    "pair_chains_iptm": {
        "0": {
            "0": 0.6447941064834595,
            "1": 0.43506115674972534
        },
        "1": {
            "0": 0.958260178565979,
            "1": 0.8818040490150452
        }
    }
}