{
    "confidence_score": 0.8381243944168091,
    "ptm": 0.8644490242004395,
    "iptm": 0.6923854947090149,
    "ligand_iptm": 0.6923854947090149,
    "protein_iptm": 0.0,
    "complex_plddt": 0.8745591044425964,
    "complex_iplddt": 0.6118655204772949,
    "complex_pde": 0.7843550443649292,
    "complex_ipde": 6.208307266235352,
    "chains_ptm": {
        "0": 0.8785634636878967,
        "1": 0.8128624558448792
    },
    "pair_chains_iptm": {
        "0": {
            "0": 0.8785634636878967,
            "1": 0.2429119199514389
        },
        "1": {
            "0": 0.6923854947090149,
            "1": 0.8128624558448792
        }
    }
}