{
    "confidence_score": 0.7896733283996582,
    "ptm": 0.6063563227653503,
    "iptm": 0.3709455728530884,
    "ligand_iptm": 0.0,
    "protein_iptm": 0.3709455728530884,
    "complex_plddt": 0.8943552374839783,
    "complex_iplddt": 0.8812124133110046,
    "complex_pde": 0.6822152137756348,
    "complex_ipde": 7.565066337585449,
    "chains_ptm": {
        "0": 0.9058112502098083,
        "1": 0.8835568428039551,
        "2": 0.8510006070137024
    },
    "pair_chains_iptm": {
        "0": {
            "0": 0.9058112502098083,
            "1": 0.22950196266174316,
            "2": 0.22045037150382996
        },
        "1": {
            "0": 0.19478227198123932,
            "1": 0.8835568428039551,
            "2": 0.8262055516242981
        },
        "2": {
            "0": 0.19999882578849792,
            "1": 0.7778497338294983,
            "2": 0.8510006070137024
        }
    }
}