{
    "confidence_score": 0.5227891206741333,
    "ptm": 0.5529455542564392,
    "iptm": 0.0,
    "ligand_iptm": 0.0,
    "protein_iptm": 0.0,
    "complex_plddt": 0.5152499675750732,
    "complex_iplddt": 0.5152499675750732,
    "complex_pde": 3.618042469024658,
    "complex_ipde": 0.0,
    "chains_ptm": {
        "0": 0.5529455542564392
    },
    "pair_chains_iptm": {
        "0": {
            "0": 0.5529455542564392
        }
    }
}