Drug,Variant,Group,Mean iPTM,Median iPTM,N,ΔiPTM vs WT,Std Dev
Pertuzumab,S310F,Experimental,0.4045000000000001,0.4,20,0.009300000000000141,0.009445132413883311
Pertuzumab,WT,Control,0.39519999999999994,0.4,25,,0.019604421270043478
Trastuzumab,WT,Control,0.39840000000000003,0.4,25,,0.012806248474865693
Trastuzumab,Δ16,Experimental,0.34600000000000003,0.34,5,-0.0524,0.008944271909999139
