{
    "confidence_score": 0.8367697596549988,
    "ptm": 0.860463559627533,
    "iptm": 0.6854428052902222,
    "ligand_iptm": 0.6854428052902222,
    "protein_iptm": 0.0,
    "complex_plddt": 0.8746014833450317,
    "complex_iplddt": 0.6237726807594299,
    "complex_pde": 0.8076702952384949,
    "complex_ipde": 6.17832088470459,
    "chains_ptm": {
        "0": 0.8746108412742615,
        "1": 0.8031834363937378
    },
    "pair_chains_iptm": {
        "0": {
            "0": 0.8746108412742615,
            "1": 0.24340733885765076
        },
        "1": {
            "0": 0.6854428052902222,
            "1": 0.8031834363937378
        }
    }
}