{
    "confidence_score": 0.8543548583984375,
    "ptm": 0.7780105471611023,
    "iptm": 0.7552904486656189,
    "ligand_iptm": 0.0,
    "protein_iptm": 0.7552904486656189,
    "complex_plddt": 0.8791210055351257,
    "complex_iplddt": 0.8188962340354919,
    "complex_pde": 0.5695528388023376,
    "complex_ipde": 6.7673234939575195,
    "chains_ptm": {
        "0": 0.9019655585289001,
        "1": 0.9017899632453918
    },
    "pair_chains_iptm": {
        "0": {
            "0": 0.9019655585289001,
            "1": 0.7472221851348877
        },
        "1": {
            "0": 0.7552904486656189,
            "1": 0.9017899632453918
        }
    }
}