{
    "confidence_score": 0.6412858366966248,
    "ptm": 0.664548933506012,
    "iptm": 0.9543275833129883,
    "ligand_iptm": 0.9543275833129883,
    "protein_iptm": 0.0,
    "complex_plddt": 0.5630253553390503,
    "complex_iplddt": 0.6500080823898315,
    "complex_pde": 2.5017576217651367,
    "complex_ipde": 1.4965317249298096,
    "chains_ptm": {
        "0": 0.6454986929893494,
        "1": 0.8622004985809326
    },
    "pair_chains_iptm": {
        "0": {
            "0": 0.6454986929893494,
            "1": 0.43315061926841736
        },
        "1": {
            "0": 0.9543275833129883,
            "1": 0.8622004985809326
        }
    }
}