{
    "confidence_score": 0.5251259803771973,
    "ptm": 0.5578703880310059,
    "iptm": 0.0,
    "ligand_iptm": 0.0,
    "protein_iptm": 0.0,
    "complex_plddt": 0.5169398784637451,
    "complex_iplddt": 0.5169398784637451,
    "complex_pde": 3.5338973999023438,
    "complex_ipde": 0.0,
    "chains_ptm": {
        "0": 0.5578703880310059
    },
    "pair_chains_iptm": {
        "0": {
            "0": 0.5578703880310059
        }
    }
}