{
    "confidence_score": 0.8296296000480652,
    "ptm": 0.8649056553840637,
    "iptm": 0.683261513710022,
    "ligand_iptm": 0.683261513710022,
    "protein_iptm": 0.0,
    "complex_plddt": 0.8662216067314148,
    "complex_iplddt": 0.5834749937057495,
    "complex_pde": 0.8002369999885559,
    "complex_ipde": 6.38580846786499,
    "chains_ptm": {
        "0": 0.8789758086204529,
        "1": 0.8076736330986023
    },
    "pair_chains_iptm": {
        "0": {
            "0": 0.8789758086204529,
            "1": 0.23642073571681976
        },
        "1": {
            "0": 0.683261513710022,
            "1": 0.8076736330986023
        }
    }
}