{
    "confidence_score": 0.8918706178665161,
    "ptm": 0.872093141078949,
    "iptm": 0.0,
    "ligand_iptm": 0.0,
    "protein_iptm": 0.0,
    "complex_plddt": 0.8968150019645691,
    "complex_iplddt": 0.8968150019645691,
    "complex_pde": 0.4591263234615326,
    "complex_ipde": 0.0,
    "chains_ptm": {
        "0": 0.872093141078949
    },
    "pair_chains_iptm": {
        "0": {
            "0": 0.872093141078949
        }
    }
}