{
    "confidence_score": 0.7881433963775635,
    "ptm": 0.5872658491134644,
    "iptm": 0.42905059456825256,
    "ligand_iptm": 0.0,
    "protein_iptm": 0.42905059456825256,
    "complex_plddt": 0.8779165744781494,
    "complex_iplddt": 0.8553301692008972,
    "complex_pde": 0.7670925259590149,
    "complex_ipde": 8.805500984191895,
    "chains_ptm": {
        "0": 0.8974980711936951,
        "1": 0.898849368095398,
        "2": 0.890761137008667,
        "3": 0.8645340800285339
    },
    "pair_chains_iptm": {
        "0": {
            "0": 0.8974980711936951,
            "1": 0.563540518283844,
            "2": 0.27028772234916687,
            "3": 0.2675597071647644
        },
        "1": {
            "0": 0.5689985752105713,
            "1": 0.898849368095398,
            "2": 0.2179361879825592,
            "3": 0.21195724606513977
        },
        "2": {
            "0": 0.23677335679531097,
            "1": 0.21338260173797607,
            "2": 0.890761137008667,
            "3": 0.8298072814941406
        },
        "3": {
            "0": 0.24269095063209534,
            "1": 0.21378648281097412,
            "2": 0.8019840717315674,
            "3": 0.8645340800285339
        }
    }
}