{
    "confidence_score": 0.8006637692451477,
    "ptm": 0.8521235585212708,
    "iptm": 0.5340917110443115,
    "ligand_iptm": 0.5340917110443115,
    "protein_iptm": 0.0,
    "complex_plddt": 0.8673068284988403,
    "complex_iplddt": 0.5781075954437256,
    "complex_pde": 0.959952175617218,
    "complex_ipde": 8.719175338745117,
    "chains_ptm": {
        "0": 0.8749769926071167,
        "1": 0.8041960597038269
    },
    "pair_chains_iptm": {
        "0": {
            "0": 0.8749769926071167,
            "1": 0.1534542739391327
        },
        "1": {
            "0": 0.5340917110443115,
            "1": 0.8041960597038269
        }
    }
}