{
    "confidence_score": 0.7973891496658325,
    "ptm": 0.62117999792099,
    "iptm": 0.5177282094955444,
    "ligand_iptm": 0.0,
    "protein_iptm": 0.5177282094955444,
    "complex_plddt": 0.8673043847084045,
    "complex_iplddt": 0.8339095711708069,
    "complex_pde": 0.7224881052970886,
    "complex_ipde": 7.979572296142578,
    "chains_ptm": {
        "0": 0.910331130027771,
        "1": 0.9026897549629211,
        "2": 0.9019750952720642,
        "3": 0.8781936168670654
    },
    "pair_chains_iptm": {
        "0": {
            "0": 0.910331130027771,
            "1": 0.7380741834640503,
            "2": 0.22826580703258514,
            "3": 0.22334805130958557
        },
        "1": {
            "0": 0.734622061252594,
            "1": 0.9026897549629211,
            "2": 0.20777682960033417,
            "3": 0.19463859498500824
        },
        "2": {
            "0": 0.2267555147409439,
            "1": 0.20099328458309174,
            "2": 0.9019750952720642,
            "3": 0.8415603637695312
        },
        "3": {
            "0": 0.21223688125610352,
            "1": 0.19710306823253632,
            "2": 0.8061084747314453,
            "3": 0.8781936168670654
        }
    }
}