{
    "confidence_score": 0.8903687596321106,
    "ptm": 0.8670101165771484,
    "iptm": 0.0,
    "ligand_iptm": 0.0,
    "protein_iptm": 0.0,
    "complex_plddt": 0.8962084054946899,
    "complex_iplddt": 0.8962084054946899,
    "complex_pde": 0.45383283495903015,
    "complex_ipde": 0.0,
    "chains_ptm": {
        "0": 0.8670101165771484
    },
    "pair_chains_iptm": {
        "0": {
            "0": 0.8670101165771484
        }
    }
}