{
    "confidence_score": 0.6443300843238831,
    "ptm": 0.6645363569259644,
    "iptm": 0.9633702635765076,
    "ligand_iptm": 0.9633702635765076,
    "protein_iptm": 0.0,
    "complex_plddt": 0.5645700097084045,
    "complex_iplddt": 0.6958948373794556,
    "complex_pde": 2.5529918670654297,
    "complex_ipde": 1.3577896356582642,
    "chains_ptm": {
        "0": 0.6447299122810364,
        "1": 0.8954328894615173
    },
    "pair_chains_iptm": {
        "0": {
            "0": 0.6447299122810364,
            "1": 0.4870315492153168
        },
        "1": {
            "0": 0.9633702635765076,
            "1": 0.8954328894615173
        }
    }
}