{
    "confidence_score": 0.6410848498344421,
    "ptm": 0.7299061417579651,
    "iptm": 0.96699458360672,
    "ligand_iptm": 0.96699458360672,
    "protein_iptm": 0.0,
    "complex_plddt": 0.5596073865890503,
    "complex_iplddt": 0.6668967604637146,
    "complex_pde": 2.1006956100463867,
    "complex_ipde": 1.198264479637146,
    "chains_ptm": {
        "0": 0.7143101096153259,
        "1": 0.9027267694473267
    },
    "pair_chains_iptm": {
        "0": {
            "0": 0.7143101096153259,
            "1": 0.525023877620697
        },
        "1": {
            "0": 0.96699458360672,
            "1": 0.9027267694473267
        }
    }
}